"BioGRID Interaction ID","Entrez Gene ID for Interactor A","Entrez Gene ID for Interactor B","BioGRID ID for Interactor A","BioGRID ID for Interactor B","Systematic name for Interactor A","Systematic name for Interactor B","Official symbol for Interactor A","Official symbol for Interactor B","Synonyms/Aliases for Interactor A","Synonyms/Aliases for Interactor B","Experimental System Name","Experimental System Type","First author surname of the publication","Pubmed ID","Organism ID for Interactor A","Organism ID for Interactor B","Interaction Throughput","Quantitative Score","Post Translational Modification","Phenotypes","Qualifications","Tags","Source Database"
5262,2033,1958,108347,108278,"RP1-85F18.1","-","EP300","EGR1","KAT3B|RSTS2|p300","AT225|G0S30|KROX-24|NGFI-A|TIS8|ZIF-268|ZNF225","Two-hybrid","physical","Silverman ES (1998)",9806899,"Homo sapiens","Homo sapiens","Low Throughput","-","-","-","-","-","BIOGRID"
5271,1387,1958,107777,108278,"-","-","CREBBP","EGR1","CBP|KAT3A|RSTS","AT225|G0S30|KROX-24|NGFI-A|TIS8|ZIF-268|ZNF225","Two-hybrid","physical","Silverman ES (1998)",9806899,"Homo sapiens","Homo sapiens","Low Throughput","-","-","-","-","-","BIOGRID"
255330,1958,1051,108278,107480,"-","PP9092","EGR1","CEBPB","AT225|G0S30|KROX-24|NGFI-A|TIS8|ZIF-268|ZNF225","C/EBP-beta|IL6DBP|NF-IL6|TCF5","Two-hybrid","physical","Zhang F (2003)",12947119,"Homo sapiens","Homo sapiens","Low Throughput","-","-","-","-","-","BIOGRID"
255331,1958,1051,108278,107480,"-","PP9092","EGR1","CEBPB","AT225|G0S30|KROX-24|NGFI-A|TIS8|ZIF-268|ZNF225","C/EBP-beta|IL6DBP|NF-IL6|TCF5","Reconstituted Complex","physical","Zhang F (2003)",12947119,"Homo sapiens","Homo sapiens","Low Throughput","-","-","-","-","-","BIOGRID"
255764,3576,6382,109790,112284,"-","-","CXCL8","SDC1","GCP-1|GCP1|IL8|LECT|LUCT|LYNAP|MDNCF|MONAP|NAF|NAP-1|NAP1","CD138|SDC|SYND1|syndecan","Reconstituted Complex","physical","Marshall LJ (2003)",12902511,"Homo sapiens","Homo sapiens","Low Throughput","-","-","-","-","-","BIOGRID"
263015,1387,1958,107777,108278,"-","-","CREBBP","EGR1","CBP|KAT3A|RSTS","AT225|G0S30|KROX-24|NGFI-A|TIS8|ZIF-268|ZNF225","Reconstituted Complex","physical","Silverman ES (1998)",9806899,"Homo sapiens","Homo sapiens","Low Throughput","-","-","-","-","-","BIOGRID"
263016,2033,1958,108347,108278,"RP1-85F18.1","-","EP300","EGR1","KAT3B|RSTS2|p300","AT225|G0S30|KROX-24|NGFI-A|TIS8|ZIF-268|ZNF225","Affinity Capture-Western","physical","Silverman ES (1998)",9806899,"Homo sapiens","Homo sapiens","Low Throughput","-","-","-","-","-","BIOGRID"
263017,2033,1958,108347,108278,"RP1-85F18.1","-","EP300","EGR1","KAT3B|RSTS2|p300","AT225|G0S30|KROX-24|NGFI-A|TIS8|ZIF-268|ZNF225","Reconstituted Complex","physical","Silverman ES (1998)",9806899,"Homo sapiens","Homo sapiens","Low Throughput","-","-","-","-","-","BIOGRID"
263018,1387,1958,107777,108278,"-","-","CREBBP","EGR1","CBP|KAT3A|RSTS","AT225|G0S30|KROX-24|NGFI-A|TIS8|ZIF-268|ZNF225","Affinity Capture-Western","physical","Silverman ES (1998)",9806899,"Homo sapiens","Homo sapiens","Low Throughput","-","-","-","-","-","BIOGRID"
276384,1958,4665,108278,110747,"-","-","EGR1","NAB2","AT225|G0S30|KROX-24|NGFI-A|TIS8|ZIF-268|ZNF225","MADER","Two-hybrid","physical","Svaren J (1996)",8668170,"Homo sapiens","Homo sapiens","Low Throughput","-","-","-","-","-","BIOGRID"
277321,3576,3576,109790,109790,"-","-","CXCL8","CXCL8","GCP-1|GCP1|IL8|LECT|LUCT|LYNAP|MDNCF|MONAP|NAF|NAP-1|NAP1","GCP-1|GCP1|IL8|LECT|LUCT|LYNAP|MDNCF|MONAP|NAF|NAP-1|NAP1","Reconstituted Complex","physical","Paolini JF (1994)",8077676,"Homo sapiens","Homo sapiens","Low Throughput","-","-","-","-","-","BIOGRID"
280547,3579,3576,109793,109790,"-","-","CXCR2","CXCL8","CD182|CDw128b|CMKAR2|IL8R2|IL8RA|IL8RB","GCP-1|GCP1|IL8|LECT|LUCT|LYNAP|MDNCF|MONAP|NAF|NAP-1|NAP1","Reconstituted Complex","physical","Luo Z (1997)",9464567,"Homo sapiens","Homo sapiens","Low Throughput","-","-","-","-","-","BIOGRID"
283172,3576,3576,109790,109790,"-","-","CXCL8","CXCL8","GCP-1|GCP1|IL8|LECT|LUCT|LYNAP|MDNCF|MONAP|NAF|NAP-1|NAP1","GCP-1|GCP1|IL8|LECT|LUCT|LYNAP|MDNCF|MONAP|NAF|NAP-1|NAP1","Reconstituted Complex","physical","Clore GM (1990)",2184886,"Homo sapiens","Homo sapiens","Low Throughput","-","-","-","-","-","BIOGRID"
283466,1958,5307,108278,111324,"-","-","EGR1","PITX1","AT225|G0S30|KROX-24|NGFI-A|TIS8|ZIF-268|ZNF225","BFT|CCF|LBNBG|POTX|PTX1","Reconstituted Complex","physical","Tremblay JJ (1999)",10082522,"Homo sapiens","Homo sapiens","Low Throughput","-","-","-","-","-","BIOGRID"
286644,6559,2923,112448,109180,"-","-","SLC12A3","PDIA3","NCC|NCCT|TSC","ER60|ERp57|ERp60|ERp61|GRP57|GRP58|HEL-S-269|HEL-S-93n|HsT17083|P58|PI-PLC","Two-hybrid","physical","Wyse B (2002)",11832422,"Homo sapiens","Homo sapiens","Low Throughput","-","-","-","-","-","BIOGRID"
288995,6352,3576,112255,109790,"-","-","CCL5","CXCL8","D17S136E|RANTES|SCYA5|SIS-delta|SISd|TCP228|eoCP","GCP-1|GCP1|IL8|LECT|LUCT|LYNAP|MDNCF|MONAP|NAF|NAP-1|NAP1","Reconstituted Complex","physical","Marshall LJ (2001)",11509627,"Homo sapiens","Homo sapiens","Low Throughput","-","-","-","-","-","BIOGRID"
301221,4772,1958,110845,108278,"-","-","NFATC1","EGR1","NF-ATC|NFAT2|NFATc","AT225|G0S30|KROX-24|NGFI-A|TIS8|ZIF-268|ZNF225","Reconstituted Complex","physical","Decker EL (2003)",12560487,"Homo sapiens","Homo sapiens","Low Throughput","-","-","-","-","-","BIOGRID"
314229,7157,1958,113010,108278,"-","-","TP53","EGR1","BCC7|LFS1|P53|TRP53","AT225|G0S30|KROX-24|NGFI-A|TIS8|ZIF-268|ZNF225","Affinity Capture-Western","physical","Liu J (2001)",11251186,"Homo sapiens","Homo sapiens","Low Throughput","-","-","-","-","-","BIOGRID"
314230,7157,1958,113010,108278,"-","-","TP53","EGR1","BCC7|LFS1|P53|TRP53","AT225|G0S30|KROX-24|NGFI-A|TIS8|ZIF-268|ZNF225","Reconstituted Complex","physical","Liu J (2001)",11251186,"Homo sapiens","Homo sapiens","Low Throughput","-","-","-","-","-","BIOGRID"
314231,5684,1958,111657,108278,"-","-","PSMA3","EGR1","HC8|PSC3","AT225|G0S30|KROX-24|NGFI-A|TIS8|ZIF-268|ZNF225","Two-hybrid","physical","Bae MH (2002)",12379479,"Homo sapiens","Homo sapiens","Low Throughput","-","-","-","-","-","BIOGRID"
314232,5684,1958,111657,108278,"-","-","PSMA3","EGR1","HC8|PSC3","AT225|G0S30|KROX-24|NGFI-A|TIS8|ZIF-268|ZNF225","Reconstituted Complex","physical","Bae MH (2002)",12379479,"Homo sapiens","Homo sapiens","Low Throughput","-","-","-","-","-","BIOGRID"
314233,5970,1958,111902,108278,"-","-","RELA","EGR1","NFKB3|p65","AT225|G0S30|KROX-24|NGFI-A|TIS8|ZIF-268|ZNF225","Reconstituted Complex","physical","Chapman NR (2000)",10671503,"Homo sapiens","Homo sapiens","Low Throughput","-","-","-","-","-","BIOGRID"
314234,4664,1958,110746,108278,"-","-","NAB1","EGR1","-","AT225|G0S30|KROX-24|NGFI-A|TIS8|ZIF-268|ZNF225","Two-hybrid","physical","Russo MW (1995)",7624335,"Homo sapiens","Homo sapiens","Low Throughput","-","-","-","-","-","BIOGRID"
314235,4664,1958,110746,108278,"-","-","NAB1","EGR1","-","AT225|G0S30|KROX-24|NGFI-A|TIS8|ZIF-268|ZNF225","Reconstituted Complex","physical","Russo MW (1995)",7624335,"Homo sapiens","Homo sapiens","Low Throughput","-","-","-","-","-","BIOGRID"
430068,2065,1958,108377,108278,"-","-","ERBB3","EGR1","ErbB-3|HER3|LCCS2|MDA-BF-1|c-erbB-3|c-erbB3|erbB3-S|p180-ErbB3|p45-sErbB3|p85-sErbB3","AT225|G0S30|KROX-24|NGFI-A|TIS8|ZIF-268|ZNF225","PCA","physical","Thaminy S (2003)",12840049,"Homo sapiens","Homo sapiens","Low Throughput","-","-","-","Split-ubiquitin assay","-","BIOGRID"
464429,6721,1958,112599,108278,"CTA-250D10.14-005","-","SREBF2","EGR1","SREBP-2|SREBP2|bHLHd2","AT225|G0S30|KROX-24|NGFI-A|TIS8|ZIF-268|ZNF225","Two-hybrid","physical","Bandyopadhyay S (2010)",20936779,"Homo sapiens","Homo sapiens","High Throughput","-","-","-","-","-","BIOGRID"
506221,5204,1958,111226,108278,"-","-","PFDN5","EGR1","MM-1|MM1|PFD5","AT225|G0S30|KROX-24|NGFI-A|TIS8|ZIF-268|ZNF225","Affinity Capture-Western","physical","Yoshida T (2008)",18281035,"Homo sapiens","Homo sapiens","Low Throughput","-","-","-","-","-","BIOGRID"
506503,155871,3576,1205541,109790,"HIV1gp5","-","tat","CXCL8","-","GCP-1|GCP1|IL8|LECT|LUCT|LYNAP|MDNCF|MONAP|NAF|NAP-1|NAP1","Affinity Capture-MS","physical","Vardabasso C (2008)",18226242,"Human Immunodeficiency Virus 1","Homo sapiens","Low Throughput","-","-","-","-","-","BIOGRID"
506504,155871,3576,1205541,109790,"HIV1gp5","-","tat","CXCL8","-","GCP-1|GCP1|IL8|LECT|LUCT|LYNAP|MDNCF|MONAP|NAF|NAP-1|NAP1","Affinity Capture-Western","physical","Vardabasso C (2008)",18226242,"Human Immunodeficiency Virus 1","Homo sapiens","Low Throughput","-","-","-","-","-","BIOGRID"
506505,155871,3576,1205541,109790,"HIV1gp5","-","tat","CXCL8","-","GCP-1|GCP1|IL8|LECT|LUCT|LYNAP|MDNCF|MONAP|NAF|NAP-1|NAP1","Reconstituted Complex","physical","Vardabasso C (2008)",18226242,"Human Immunodeficiency Virus 1","Homo sapiens","Low Throughput","-","-","-","-","-","BIOGRID"
544060,6909,1958,112772,108278,"-","-","TBX2","EGR1","-","AT225|G0S30|KROX-24|NGFI-A|TIS8|ZIF-268|ZNF225","Affinity Capture-Western","physical","Redmond KL (2010)",20348948,"Homo sapiens","Homo sapiens","Low Throughput","-","-","-","-","-","BIOGRID"
544061,6909,1958,112772,108278,"-","-","TBX2","EGR1","-","AT225|G0S30|KROX-24|NGFI-A|TIS8|ZIF-268|ZNF225","Co-localization","physical","Redmond KL (2010)",20348948,"Homo sapiens","Homo sapiens","Low Throughput","-","-","-","ChIP","-","BIOGRID"
555017,6615,1958,112499,108278,"-","-","SNAI1","EGR1","SLUGH2|SNA|SNAH|SNAIL|SNAIL1|dJ710H13.1","AT225|G0S30|KROX-24|NGFI-A|TIS8|ZIF-268|ZNF225","Affinity Capture-Western","physical","Hu CT (2010)",20121949,"Homo sapiens","Homo sapiens","Low Throughput","-","-","-","-","-","BIOGRID"
555018,6667,1958,112550,108278,"-","-","SP1","EGR1","-","AT225|G0S30|KROX-24|NGFI-A|TIS8|ZIF-268|ZNF225","Affinity Capture-Western","physical","Hu CT (2010)",20121949,"Homo sapiens","Homo sapiens","Low Throughput","-","-","-","-","-","BIOGRID"
555019,1958,6615,108278,112499,"-","-","EGR1","SNAI1","AT225|G0S30|KROX-24|NGFI-A|TIS8|ZIF-268|ZNF225","SLUGH2|SNA|SNAH|SNAIL|SNAIL1|dJ710H13.1","Co-localization","physical","Hu CT (2010)",20121949,"Homo sapiens","Homo sapiens","Low Throughput","-","-","-","ChIP","-","BIOGRID"
555020,6615,1958,112499,108278,"-","-","SNAI1","EGR1","SLUGH2|SNA|SNAH|SNAIL|SNAIL1|dJ710H13.1","AT225|G0S30|KROX-24|NGFI-A|TIS8|ZIF-268|ZNF225","Co-localization","physical","Hu CT (2010)",20121949,"Homo sapiens","Homo sapiens","Low Throughput","-","-","-","ChIP","-","BIOGRID"
555021,1958,6667,108278,112550,"-","-","EGR1","SP1","AT225|G0S30|KROX-24|NGFI-A|TIS8|ZIF-268|ZNF225","-","Co-localization","physical","Hu CT (2010)",20121949,"Homo sapiens","Homo sapiens","Low Throughput","-","-","-","ChIP","-","BIOGRID"
555022,6667,1958,112550,108278,"-","-","SP1","EGR1","-","AT225|G0S30|KROX-24|NGFI-A|TIS8|ZIF-268|ZNF225","Co-localization","physical","Hu CT (2010)",20121949,"Homo sapiens","Homo sapiens","Low Throughput","-","-","-","ChIP","-","BIOGRID"
557537,6559,4734,112448,110811,"-","PIG53","SLC12A3","NEDD4","NCC|NCCT|TSC","NEDD4-1|RPF1","Affinity Capture-Western","physical","Arroyo JP (2011)",21852580,"Homo sapiens","Homo sapiens","Low Throughput","-","-","-","-","-","BIOGRID"
606944,3576,2033,109790,108347,"-","RP1-85F18.1","CXCL8","EP300","GCP-1|GCP1|IL8|LECT|LUCT|LYNAP|MDNCF|MONAP|NAF|NAP-1|NAP1","KAT3B|RSTS2|p300","Affinity Capture-Western","physical","Asahara H (2002)",11940655,"Homo sapiens","Homo sapiens","Low Throughput","-","-","-","-","-","BIOGRID"
606945,2033,3576,108347,109790,"RP1-85F18.1","-","EP300","CXCL8","KAT3B|RSTS2|p300","GCP-1|GCP1|IL8|LECT|LUCT|LYNAP|MDNCF|MONAP|NAF|NAP-1|NAP1","Affinity Capture-Western","physical","Asahara H (2002)",11940655,"Homo sapiens","Homo sapiens","Low Throughput","-","-","-","-","-","BIOGRID"
606946,2033,3576,108347,109790,"RP1-85F18.1","-","EP300","CXCL8","KAT3B|RSTS2|p300","GCP-1|GCP1|IL8|LECT|LUCT|LYNAP|MDNCF|MONAP|NAF|NAP-1|NAP1","Reconstituted Complex","physical","Asahara H (2002)",11940655,"Homo sapiens","Homo sapiens","Low Throughput","-","-","-","-","-","BIOGRID"
611230,1958,5728,108278,111700,"-","-","EGR1","PTEN","AT225|G0S30|KROX-24|NGFI-A|TIS8|ZIF-268|ZNF225","10q23del|BZS|CWS1|DEC|GLM2|MHAM|MMAC1|PTEN1|TEP1","Affinity Capture-Western","physical","Lu D (2011)",21354147,"Homo sapiens","Homo sapiens","Low Throughput","-","-","-","exogenous expression of hit","-","BIOGRID"
644002,7157,1958,113010,108278,"-","-","TP53","EGR1","BCC7|LFS1|P53|TRP53","AT225|G0S30|KROX-24|NGFI-A|TIS8|ZIF-268|ZNF225","Affinity Capture-Western","physical","Kim HA (2011)",21325822,"Homo sapiens","Homo sapiens","Low Throughput","-","-","-","-","-","BIOGRID"
663631,1994,220,108309,106722,"-","RP11-66B24.1","ELAVL1","ALDH1A3","ELAV1|HUR|Hua|MelG","ALDH1A6|ALDH6|MCOP8|RALDH3","Affinity Capture-RNA","physical","Abdelmohsen K (2009)",19322201,"Homo sapiens","Homo sapiens","High Throughput","-","-","-","-","-","BIOGRID"
669109,3553,1958,109769,108278,"-","-","IL1B","EGR1","IL-1|IL1-BETA|IL1F2","AT225|G0S30|KROX-24|NGFI-A|TIS8|ZIF-268|ZNF225","Two-hybrid","physical","Nebbaki SS (2012)",22455954,"Homo sapiens","Homo sapiens","Low Throughput","-","-","-","figure 4.","-","BIOGRID"
686093,6559,26249,112448,117637,"-","-","SLC12A3","KLHL3","NCC|NCCT|TSC","PHA2D","Affinity Capture-Western","physical","Louis-Dit-Picard H (2012)",22406640,"Homo sapiens","Homo sapiens","Low Throughput","-","-","-","figure 4c.","-","BIOGRID"
808432,1958,10011,108278,115329,"-","PP7684","EGR1","SRA1","AT225|G0S30|KROX-24|NGFI-A|TIS8|ZIF-268|ZNF225","SRA|SRAP|STRAA1","Far Western","physical","Chooniedass-Kothari S (2010)",20398657,"Homo sapiens","Homo sapiens","Low Throughput","-","-","-","figure 1, table 1.","-","BIOGRID"
813905,1958,2033,108278,108347,"-","RP1-85F18.1","EGR1","EP300","AT225|G0S30|KROX-24|NGFI-A|TIS8|ZIF-268|ZNF225","KAT3B|RSTS2|p300","Affinity Capture-Western","physical","Yu J (2004)",15225550,"Homo sapiens","Homo sapiens","Low Throughput","-","-","-","-","-","BIOGRID"
813906,1958,4193,108278,110358,"-","-","EGR1","MDM2","AT225|G0S30|KROX-24|NGFI-A|TIS8|ZIF-268|ZNF225","ACTFS|HDMX|hdm2","Affinity Capture-Western","physical","Yu J (2004)",15225550,"Homo sapiens","Homo sapiens","Low Throughput","-","-","-","-","-","BIOGRID"
813907,1958,7157,108278,113010,"-","-","EGR1","TP53","AT225|G0S30|KROX-24|NGFI-A|TIS8|ZIF-268|ZNF225","BCC7|LFS1|P53|TRP53","Affinity Capture-Western","physical","Yu J (2004)",15225550,"Homo sapiens","Homo sapiens","Low Throughput","-","-","-","-","-","BIOGRID"
816520,1029,1958,107463,108278,"-","-","CDKN2A","EGR1","ARF|CDK4I|CDKN2|CMM2|INK4|INK4A|MLM|MTS-1|MTS1|P14|P14ARF|P16|P16-INK4A|P16INK4|P16INK4A|P19|P19ARF|TP16","AT225|G0S30|KROX-24|NGFI-A|TIS8|ZIF-268|ZNF225","Affinity Capture-Western","physical","Yu J (2009)",19057511,"Homo sapiens","Homo sapiens","Low Throughput","-","-","-","-","-","BIOGRID"
816521,1029,1958,107463,108278,"-","-","CDKN2A","EGR1","ARF|CDK4I|CDKN2|CMM2|INK4|INK4A|MLM|MTS-1|MTS1|P14|P14ARF|P16|P16-INK4A|P16INK4|P16INK4A|P19|P19ARF|TP16","AT225|G0S30|KROX-24|NGFI-A|TIS8|ZIF-268|ZNF225","Reconstituted Complex","physical","Yu J (2009)",19057511,"Homo sapiens","Homo sapiens","Low Throughput","-","-","-","-","-","BIOGRID"
816522,1958,1029,108278,107463,"-","-","EGR1","CDKN2A","AT225|G0S30|KROX-24|NGFI-A|TIS8|ZIF-268|ZNF225","ARF|CDK4I|CDKN2|CMM2|INK4|INK4A|MLM|MTS-1|MTS1|P14|P14ARF|P16|P16-INK4A|P16INK4|P16INK4A|P19|P19ARF|TP16","Reconstituted Complex","physical","Yu J (2009)",19057511,"Homo sapiens","Homo sapiens","Low Throughput","-","-","-","-","-","BIOGRID"
858070,7490,1958,113327,108278,"-","-","WT1","EGR1","AWT1|EWS-WT1|GUD|NPHS4|WAGR|WIT-2|WT33","AT225|G0S30|KROX-24|NGFI-A|TIS8|ZIF-268|ZNF225","Reconstituted Complex","physical","Gannon AM (2008)",19067769,"Homo sapiens","Homo sapiens","Low Throughput","-","-","-","Protein Complex|Super-shifted EMSA indicates that both WT1 and EGR1 may bind the -8146 Promoter 1 element of TBXA2R in vitro","-","BIOGRID"
859156,6559,3320,112448,109552,"-","-","SLC12A3","HSP90AA1","NCC|NCCT|TSC","EL52|HSP86|HSP89A|HSP90A|HSP90N|HSPC1|HSPCA|HSPCAL1|HSPCAL4|HSPN|Hsp89|Hsp90|LAP-2|LAP2","Affinity Capture-MS","physical","Donnelly BF (2013)",23482560,"Homo sapiens","Homo sapiens","Low Throughput","-","-","-","-","-","BIOGRID"
859157,6559,3303,112448,109535,"-","DAQB-147D11.1","SLC12A3","HSPA1A","NCC|NCCT|TSC","HEL-S-103|HSP70-1|HSP70-1A|HSP70I|HSP72|HSPA1","Affinity Capture-MS","physical","Donnelly BF (2013)",23482560,"Homo sapiens","Homo sapiens","Low Throughput","-","-","-","-","-","BIOGRID"
859158,6559,3337,112448,109569,"-","-","SLC12A3","DNAJB1","NCC|NCCT|TSC","HSPF1|Hdj1|Hsp40|RSPH16B|Sis1","Affinity Capture-MS","physical","Donnelly BF (2013)",23482560,"Homo sapiens","Homo sapiens","Low Throughput","-","-","-","-","-","BIOGRID"
859159,6559,3312,112448,109544,"-","-","SLC12A3","HSPA8","NCC|NCCT|TSC","HEL-33|HEL-S-72p|HSC54|HSC70|HSC71|HSP71|HSP73|HSPA10|LAP-1|LAP1|NIP71","Affinity Capture-MS","physical","Donnelly BF (2013)",23482560,"Homo sapiens","Homo sapiens","Low Throughput","-","-","-","-","-","BIOGRID"
859160,6559,60,112448,106575,"-","-","SLC12A3","ACTB","NCC|NCCT|TSC","BRWS1|PS1TP5BP1","Affinity Capture-MS","physical","Donnelly BF (2013)",23482560,"Homo sapiens","Homo sapiens","Low Throughput","-","-","-","-","-","BIOGRID"
859162,6559,3320,112448,109552,"-","-","SLC12A3","HSP90AA1","NCC|NCCT|TSC","EL52|HSP86|HSP89A|HSP90A|HSP90N|HSPC1|HSPCA|HSPCAL1|HSPCAL4|HSPN|Hsp89|Hsp90|LAP-2|LAP2","Affinity Capture-Western","physical","Donnelly BF (2013)",23482560,"Homo sapiens","Homo sapiens","Low Throughput","-","-","-","-","-","BIOGRID"
859163,6559,3303,112448,109535,"-","DAQB-147D11.1","SLC12A3","HSPA1A","NCC|NCCT|TSC","HEL-S-103|HSP70-1|HSP70-1A|HSP70I|HSP72|HSPA1","Affinity Capture-Western","physical","Donnelly BF (2013)",23482560,"Homo sapiens","Homo sapiens","Low Throughput","-","-","-","-","-","BIOGRID"
859164,6559,3337,112448,109569,"-","-","SLC12A3","DNAJB1","NCC|NCCT|TSC","HSPF1|Hdj1|Hsp40|RSPH16B|Sis1","Affinity Capture-Western","physical","Donnelly BF (2013)",23482560,"Homo sapiens","Homo sapiens","Low Throughput","-","-","-","-","-","BIOGRID"
859165,6559,10963,112448,116162,"-","-","SLC12A3","STIP1","NCC|NCCT|TSC","HEL-S-94n|HOP|IEF-SSP-3521|P60|STI1|STI1L","Affinity Capture-Western","physical","Donnelly BF (2013)",23482560,"Homo sapiens","Homo sapiens","Low Throughput","-","-","-","-","-","BIOGRID"
859166,6559,10273,112448,115563,"-","LA16c-313D11.6","SLC12A3","STUB1","NCC|NCCT|TSC","CHIP|HSPABP2|NY-CO-7|SCAR16|SDCCAG7|UBOX1","Affinity Capture-Western","physical","Donnelly BF (2013)",23482560,"Homo sapiens","Homo sapiens","Low Throughput","-","-","-","-","-","BIOGRID"
859173,10273,6559,115563,112448,"LA16c-313D11.6","-","STUB1","SLC12A3","CHIP|HSPABP2|NY-CO-7|SCAR16|SDCCAG7|UBOX1","NCC|NCCT|TSC","Affinity Capture-Western","physical","Donnelly BF (2013)",23482560,"Homo sapiens","Homo sapiens","Low Throughput","-","-","-","-","-","BIOGRID"
892596,7917,3576,113647,109790,"DADB-70P7.10-021","-","BAG6","CXCL8","BAG-6|BAT3|D6S52E|G3","GCP-1|GCP1|IL8|LECT|LUCT|LYNAP|MDNCF|MONAP|NAF|NAP-1|NAP1","Two-hybrid","physical","Wang J (2011)",21988832,"Homo sapiens","Homo sapiens","High Throughput","-","-","-","-","-","BIOGRID"
892665,26286,3576,117668,109790,"AL049757.1","-","ARFGAP3","CXCL8","ARFGAP1","GCP-1|GCP1|IL8|LECT|LUCT|LYNAP|MDNCF|MONAP|NAF|NAP-1|NAP1","Two-hybrid","physical","Wang J (2011)",21988832,"Homo sapiens","Homo sapiens","High Throughput","-","-","-","-","-","BIOGRID"
892955,3576,55624,109790,120763,"-","RP11-322N21.3","CXCL8","POMGNT1","GCP-1|GCP1|IL8|LECT|LUCT|LYNAP|MDNCF|MONAP|NAF|NAP-1|NAP1","GNTI.2|GnT I.2|LGMD2O|MEB|MGAT1.2|gnT-I.2","Two-hybrid","physical","Wang J (2011)",21988832,"Homo sapiens","Homo sapiens","High Throughput","-","-","-","-","-","BIOGRID"
893838,3576,6449,109790,112347,"-","-","CXCL8","SGTA","GCP-1|GCP1|IL8|LECT|LUCT|LYNAP|MDNCF|MONAP|NAF|NAP-1|NAP1","SGT|alphaSGT|hSGT","Two-hybrid","physical","Wang J (2011)",21988832,"Homo sapiens","Homo sapiens","High Throughput","-","-","-","-","-","BIOGRID"
903968,1958,2033,108278,108347,"-","RP1-85F18.1","EGR1","EP300","AT225|G0S30|KROX-24|NGFI-A|TIS8|ZIF-268|ZNF225","KAT3B|RSTS2|p300","Affinity Capture-Western","physical","Silverman ES (1998)",9806899,"Homo sapiens","Homo sapiens","Low Throughput","-","-","-","-","-","BIOGRID"
906091,1051,1958,107480,108278,"PP9092","-","CEBPB","EGR1","C/EBP-beta|IL6DBP|NF-IL6|TCF5","AT225|G0S30|KROX-24|NGFI-A|TIS8|ZIF-268|ZNF225","Affinity Capture-Western","physical","Walters JN (2012)",22260630,"Homo sapiens","Homo sapiens","Low Throughput","-","-","-","protein complex","-","BIOGRID"
906092,1958,1051,108278,107480,"-","PP9092","EGR1","CEBPB","AT225|G0S30|KROX-24|NGFI-A|TIS8|ZIF-268|ZNF225","C/EBP-beta|IL6DBP|NF-IL6|TCF5","Affinity Capture-Western","physical","Walters JN (2012)",22260630,"Homo sapiens","Homo sapiens","Low Throughput","-","-","-","protein complex","-","BIOGRID"
1054843,1958,2033,108278,108347,"-","RP1-85F18.1","EGR1","EP300","AT225|G0S30|KROX-24|NGFI-A|TIS8|ZIF-268|ZNF225","KAT3B|RSTS2|p300","Affinity Capture-Western","physical","Wang B (2010)",20018936,"Homo sapiens","Homo sapiens","Low Throughput","-","-","-","Figure 4C","-","BIOGRID"
1054847,1958,2033,108278,108347,"-","RP1-85F18.1","EGR1","EP300","AT225|G0S30|KROX-24|NGFI-A|TIS8|ZIF-268|ZNF225","KAT3B|RSTS2|p300","Reconstituted Complex","physical","Wang B (2010)",20018936,"Homo sapiens","Homo sapiens","Low Throughput","-","-","-","Figure 4C","-","BIOGRID"
1054848,2033,1958,108347,108278,"RP1-85F18.1","-","EP300","EGR1","KAT3B|RSTS2|p300","AT225|G0S30|KROX-24|NGFI-A|TIS8|ZIF-268|ZNF225","Reconstituted Complex","physical","Wang B (2010)",20018936,"Homo sapiens","Homo sapiens","Low Throughput","-","-","-","Figure 4C","-","BIOGRID"
1278740,7157,3576,113010,109790,"-","-","TP53","CXCL8","BCC7|LFS1|P53|TRP53","GCP-1|GCP1|IL8|LECT|LUCT|LYNAP|MDNCF|MONAP|NAF|NAP-1|NAP1","Synthetic Growth Defect","genetic","Xie L (2013)",23284306,"Homo sapiens","Homo sapiens","High Throughput","-","-","Growth abnormality[HCT-116 cell]","shRNA","-","BIOGRID"
1417233,3576,3576,109790,109790,"-","-","CXCL8","CXCL8","GCP-1|GCP1|IL8|LECT|LUCT|LYNAP|MDNCF|MONAP|NAF|NAP-1|NAP1","GCP-1|GCP1|IL8|LECT|LUCT|LYNAP|MDNCF|MONAP|NAF|NAP-1|NAP1","Co-crystal Structure","physical","Lim KH (2010)",20047188,"Homo sapiens","Homo sapiens","Low Throughput","-","-","-","-","-","BIOGRID"
1444550,1958,2355,108278,108638,"-","-","EGR1","FOSL2","AT225|G0S30|KROX-24|NGFI-A|TIS8|ZIF-268|ZNF225","FRA2","Affinity Capture-MS","physical","Hein MY (2015)",26496610,"Homo sapiens","Homo sapiens","High Throughput","-","-","-","interaction detected by quantitative BAC-GFP interactomics (QUBIC)","-","BIOGRID"
1445147,1958,3726,108278,109929,"-","-","EGR1","JUNB","AT225|G0S30|KROX-24|NGFI-A|TIS8|ZIF-268|ZNF225","AP-1","Affinity Capture-MS","physical","Hein MY (2015)",26496610,"Homo sapiens","Homo sapiens","High Throughput","-","-","-","interaction detected by quantitative BAC-GFP interactomics (QUBIC)","-","BIOGRID"
1445150,1958,3727,108278,109930,"-","-","EGR1","JUND","AT225|G0S30|KROX-24|NGFI-A|TIS8|ZIF-268|ZNF225","AP-1","Affinity Capture-MS","physical","Hein MY (2015)",26496610,"Homo sapiens","Homo sapiens","High Throughput","-","-","-","interaction detected by quantitative BAC-GFP interactomics (QUBIC)","-","BIOGRID"
1445371,1958,4113,108278,110287,"-","-","EGR1","MAGEB2","AT225|G0S30|KROX-24|NGFI-A|TIS8|ZIF-268|ZNF225","CT3.2|DAM6|MAGE-XP-2","Affinity Capture-MS","physical","Hein MY (2015)",26496610,"Homo sapiens","Homo sapiens","High Throughput","-","-","-","interaction detected by quantitative BAC-GFP interactomics (QUBIC)","-","BIOGRID"
1446503,1958,5708,108278,111681,"-","-","EGR1","PSMD2","AT225|G0S30|KROX-24|NGFI-A|TIS8|ZIF-268|ZNF225","P97|RPN1|S2|TRAP2","Affinity Capture-MS","physical","Hein MY (2015)",26496610,"Homo sapiens","Homo sapiens","High Throughput","-","-","-","interaction detected by quantitative BAC-GFP interactomics (QUBIC)","-","BIOGRID"
1450030,1958,10001,108278,115319,"-","-","EGR1","MED6","AT225|G0S30|KROX-24|NGFI-A|TIS8|ZIF-268|ZNF225","ARC33|NY-REN-28","Affinity Capture-MS","physical","Hein MY (2015)",26496610,"Homo sapiens","Homo sapiens","High Throughput","-","-","-","interaction detected by quantitative BAC-GFP interactomics (QUBIC)","-","BIOGRID"
1451048,1958,10940,108278,116140,"-","-","EGR1","POP1","AT225|G0S30|KROX-24|NGFI-A|TIS8|ZIF-268|ZNF225","-","Affinity Capture-MS","physical","Hein MY (2015)",26496610,"Homo sapiens","Homo sapiens","High Throughput","-","-","-","interaction detected by quantitative BAC-GFP interactomics (QUBIC)","-","BIOGRID"
1451499,1958,22826,108278,116501,"-","HSPC315","EGR1","DNAJC8","AT225|G0S30|KROX-24|NGFI-A|TIS8|ZIF-268|ZNF225","HSPC331|SPF31","Affinity Capture-MS","physical","Hein MY (2015)",26496610,"Homo sapiens","Homo sapiens","High Throughput","-","-","-","interaction detected by quantitative BAC-GFP interactomics (QUBIC)","-","BIOGRID"
1454193,1958,55023,108278,120353,"-","RP11-173D14.2","EGR1","PHIP","AT225|G0S30|KROX-24|NGFI-A|TIS8|ZIF-268|ZNF225","BRWD2|DCAF14|WDR11|ndrp","Affinity Capture-MS","physical","Hein MY (2015)",26496610,"Homo sapiens","Homo sapiens","High Throughput","-","-","-","interaction detected by quantitative BAC-GFP interactomics (QUBIC)","-","BIOGRID"
1457892,1958,196528,108278,128219,"-","-","EGR1","ARID2","AT225|G0S30|KROX-24|NGFI-A|TIS8|ZIF-268|ZNF225","BAF200|p200","Affinity Capture-MS","physical","Hein MY (2015)",26496610,"Homo sapiens","Homo sapiens","High Throughput","-","-","-","interaction detected by quantitative BAC-GFP interactomics (QUBIC)","-","BIOGRID"
1462259,12166,6559,198371,112448,"-","-","Bmpr1a","SLC12A3","1110037I22Rik|ALK3|AU045487|BMPR-IA|Bmpr","NCC|NCCT|TSC","Affinity Capture-MS","physical","Hein MY (2015)",26496610,"Mus musculus","Homo sapiens","High Throughput","-","-","-","interaction detected by quantitative BAC-GFP interactomics (QUBIC)","-","BIOGRID"
1511856,4171,220,110339,106722,"-","RP11-66B24.1","MCM2","ALDH1A3","BM28|CCNL1|CDCL1|D3S3194|MITOTIN|cdc19","ALDH1A6|ALDH6|MCOP8|RALDH3","Affinity Capture-MS","physical","Drissi R (2015)",25963833,"Homo sapiens","Homo sapiens","High Throughput","-","-","-","-","-","BIOGRID"
1513461,29947,1958,118984,108278,"-","-","DNMT3L","EGR1","-","AT225|G0S30|KROX-24|NGFI-A|TIS8|ZIF-268|ZNF225","Reconstituted Complex","physical","Pacaud R (2014)",24952347,"Homo sapiens","Homo sapiens","Low Throughput","-","-","-","Figure 1|Panomics TranSignal TF Protein Arrays|Table 1","-","BIOGRID"
1526586,1499,1958,107880,108278,"OK/SW-cl.35","-","CTNNB1","EGR1","CTNNB|MRD19|armadillo","AT225|G0S30|KROX-24|NGFI-A|TIS8|ZIF-268|ZNF225","Affinity Capture-Western","physical","Lu D (2012)",21743491,"Homo sapiens","Homo sapiens","Low Throughput","-","-","-","Figure 5","-","BIOGRID"
1526590,1958,1499,108278,107880,"-","OK/SW-cl.35","EGR1","CTNNB1","AT225|G0S30|KROX-24|NGFI-A|TIS8|ZIF-268|ZNF225","CTNNB|MRD19|armadillo","Affinity Capture-Western","physical","Lu D (2012)",21743491,"Homo sapiens","Homo sapiens","Low Throughput","-","-","-","Figure 6","-","BIOGRID"
1533769,4773,1958,110846,108278,"RP5-1009H6.1","-","NFATC2","EGR1","NFAT1|NFATP","AT225|G0S30|KROX-24|NGFI-A|TIS8|ZIF-268|ZNF225","Affinity Capture-MS","physical","Gabriel CH (2016)",27637333,"Homo sapiens","Homo sapiens","High Throughput","16.2","-","-","The score displays the factor of enrichment of the prey protein. It is a ratio of the prey proteins abundance in CoIP-MS when the bait protein was present versus its abundance in control experiments without bait protein. The shown values are means from >= 2 experiments.	-	BIOGRID
2211936	63924	1958	121993	108278	-	-	CIDEC	EGR1	CIDE-3|CIDE3|FPLD5|FSP27	AT225|G0S30|KROX-24|NGFI-A|TIS8|ZIF-268|ZNF225	Affinity Capture-Western	physical	Singh M (2014)	24742676	9606	9606	Low Throughput	-	-	-	-	-	BIOGRID
2219334	1958	90007	108278	124652	-	-	EGR1	MIDN	AT225|G0S30|KROX-24|NGFI-A|TIS8|ZIF-268|ZNF225	-	Affinity Capture-MS	physical	Huttlin EL (2017)	28514442	9606	9606	High Throughput	0.999999674	-	-	BioPlex 2.0 HEK 293T cells CompPASS score = 0.999999674, threshold = 0.75. Quantitative scores calculated by CompPASS-Plus (Huttlin et al. Cell, 2015, PMID: 26186194).|See BioPlex Interactome for details (https://bioplex.hms.harvard.edu/index.php).|This data has also been reanalyzed as part of BioPlex 3.0 (PMID: 33961781) and may be re-scored from BioPlex 1.0 (PMID: 26186194). Only scores from within BioPlex 2.0 (PMID: 28514442) should be compared directly.	-	BIOGRID
2227572	65061	220	122381	106722	-	RP11-66B24.1	CDK15	ALDH1A3	ALS2CR7|PFTAIRE2|PFTK2	ALDH1A6|ALDH6|MCOP8|RALDH3	Affinity Capture-MS	physical	Huttlin EL (2017)	28514442	9606	9606	High Throughput	0.999849654	-	-	BioPlex 2.0 HEK 293T cells CompPASS score = 0.999849654, threshold = 0.75. Quantitative scores calculated by CompPASS-Plus (Huttlin et al. Cell, 2015, PMID: 26186194).|See BioPlex Interactome for details (https://bioplex.hms.harvard.edu/index.php).|This data has also been reanalyzed as part of BioPlex 3.0 (PMID: 33961781) and may be re-scored from BioPlex 1.0 (PMID: 26186194). Only scores from within BioPlex 2.0 (PMID: 28514442) should be compared directly.	-	BIOGRID
2228358	1958	4664	108278	110746	-	-	EGR1	NAB1	AT225|G0S30|KROX-24|NGFI-A|TIS8|ZIF-268|ZNF225	-	Affinity Capture-MS	physical	Huttlin EL (2017)	28514442	9606	9606	High Throughput	0.999781148	-	-	BioPlex 2.0 HEK 293T cells CompPASS score = 0.999781148, threshold = 0.75. Quantitative scores calculated by CompPASS-Plus (Huttlin et al. Cell, 2015, PMID: 26186194).|See BioPlex Interactome for details (https://bioplex.hms.harvard.edu/index.php).|This data has also been reanalyzed as part of BioPlex 3.0 (PMID: 33961781) and may be re-scored from BioPlex 1.0 (PMID: 26186194). Only scores from within BioPlex 2.0 (PMID: 28514442) should be compared directly.	-	BIOGRID
2229588	3680	220	109886	106722	-	RP11-66B24.1	ITGA9	ALDH1A3	ALPHA-RLC|ITGA4L|RLC	ALDH1A6|ALDH6|MCOP8|RALDH3	Affinity Capture-MS	physical	Huttlin EL (2017)	28514442	9606	9606	High Throughput	0.99962957	-	-	BioPlex 2.0 HEK 293T cells CompPASS score = 0.99962957, threshold = 0.75. Quantitative scores calculated by CompPASS-Plus (Huttlin et al. Cell, 2015, PMID: 26186194).|See BioPlex Interactome for details (https://bioplex.hms.harvard.edu/index.php).|This data has also been reanalyzed as part of BioPlex 3.0 (PMID: 33961781) and may be re-scored from BioPlex 1.0 (PMID: 26186194). Only scores from within BioPlex 2.0 (PMID: 28514442) should be compared directly.	-	BIOGRID
2229817	54777	220	120145	106722	RP11-288G11.4	RP11-66B24.1	CFAP46	ALDH1A3	C10orf123|C10orf124|C10orf92|C10orf93|TTC40|bA288G11.4|bA288G11.5|bB137A17.2|bB137A17.3	ALDH1A6|ALDH6|MCOP8|RALDH3	Affinity Capture-MS	physical	Huttlin EL (2017)	28514442	9606	9606	High Throughput	0.999590601	-	-	BioPlex 2.0 HEK 293T cells CompPASS score = 0.999590601, threshold = 0.75. Quantitative scores calculated by CompPASS-Plus (Huttlin et al. Cell, 2015, PMID: 26186194).|See BioPlex Interactome for details (https://bioplex.hms.harvard.edu/index.php).|This data has also been reanalyzed as part of BioPlex 3.0 (PMID: 33961781) and may be re-scored from BioPlex 1.0 (PMID: 26186194). Only scores from within BioPlex 2.0 (PMID: 28514442) should be compared directly.	-	BIOGRID
2232690	64689	220	122232	106722	-	RP11-66B24.1	GORASP1	ALDH1A3	GOLPH5|GRASP65|P65	ALDH1A6|ALDH6|MCOP8|RALDH3	Affinity Capture-MS	physical	Huttlin EL (2017)	28514442	9606	9606	High Throughput	0.998850106	-	-	BioPlex 2.0 HEK 293T cells CompPASS score = 0.998850106, threshold = 0.75. Quantitative scores calculated by CompPASS-Plus (Huttlin et al. Cell, 2015, PMID: 26186194).|See BioPlex Interactome for details (https://bioplex.hms.harvard.edu/index.php).|This data has also been reanalyzed as part of BioPlex 3.0 (PMID: 33961781) and may be re-scored from BioPlex 1.0 (PMID: 26186194). Only scores from within BioPlex 2.0 (PMID: 28514442) should be compared directly.	-	BIOGRID
2232879	54498	220	119994	106722	RP4-779E11.4	RP11-66B24.1	SMOX	ALDH1A3	C20orf16|PAO|PAO-1|PAO1|PAOH|PAOH1|SMO	ALDH1A6|ALDH6|MCOP8|RALDH3	Affinity Capture-MS	physical	Huttlin EL (2017)	28514442	9606	9606	High Throughput	0.998775534	-	-	BioPlex 2.0 HEK 293T cells CompPASS score = 0.998775534, threshold = 0.75. Quantitative scores calculated by CompPASS-Plus (Huttlin et al. Cell, 2015, PMID: 26186194).|See BioPlex Interactome for details (https://bioplex.hms.harvard.edu/index.php).|This data has also been reanalyzed as part of BioPlex 3.0 (PMID: 33961781) and may be re-scored from BioPlex 1.0 (PMID: 26186194). Only scores from within BioPlex 2.0 (PMID: 28514442) should be compared directly.	-	BIOGRID
2234489	9659	220	115017	106722	RP4-791M13.2	RP11-66B24.1	PDE4DIP	ALDH1A3	CMYA2|MMGL	ALDH1A6|ALDH6|MCOP8|RALDH3	Affinity Capture-MS	physical	Huttlin EL (2017)	28514442	9606	9606	High Throughput	0.997989807	-	-	BioPlex 2.0 HEK 293T cells CompPASS score = 0.997989807, threshold = 0.75. Quantitative scores calculated by CompPASS-Plus (Huttlin et al. Cell, 2015, PMID: 26186194).|See BioPlex Interactome for details (https://bioplex.hms.harvard.edu/index.php).|This data has also been reanalyzed as part of BioPlex 3.0 (PMID: 33961781) and may be re-scored from BioPlex 1.0 (PMID: 26186194). Only scores from within BioPlex 2.0 (PMID: 28514442) should be compared directly.	-	BIOGRID
2254084	1958	10763	108278	115983	-	Nbla00170	EGR1	NES	AT225|G0S30|KROX-24|NGFI-A|TIS8|ZIF-268|ZNF225	-	Affinity Capture-MS	physical	Huttlin EL (2017)	28514442	9606	9606	High Throughput	0.936242755	-	-	BioPlex 2.0 HEK 293T cells CompPASS score = 0.936242755, threshold = 0.75. Quantitative scores calculated by CompPASS-Plus (Huttlin et al. Cell, 2015, PMID: 26186194).|See BioPlex Interactome for details (https://bioplex.hms.harvard.edu/index.php).|This data has also been reanalyzed as part of BioPlex 3.0 (PMID: 33961781) and may be re-scored from BioPlex 1.0 (PMID: 26186194). Only scores from within BioPlex 2.0 (PMID: 28514442) should be compared directly.	-	BIOGRID
2269979	1958	57590	108278	121641	-	-	EGR1	WDFY1	AT225|G0S30|KROX-24|NGFI-A|TIS8|ZIF-268|ZNF225	FENS-1|WDF1|ZFYVE17	Affinity Capture-MS	physical	Huttlin EL (2017)	28514442	9606	9606	High Throughput	0.78504209	-	-	BioPlex 2.0 HEK 293T cells CompPASS score = 0.78504209, threshold = 0.75. Quantitative scores calculated by CompPASS-Plus (Huttlin et al. Cell, 2015, PMID: 26186194).|See BioPlex Interactome for details (https://bioplex.hms.harvard.edu/index.php).|This data has also been reanalyzed as part of BioPlex 3.0 (PMID: 33961781) and may be re-scored from BioPlex 1.0 (PMID: 26186194). Only scores from within BioPlex 2.0 (PMID: 28514442) should be compared directly.	-	BIOGRID
2375677	3576	415491	109790	677131	-	-	CXCL8	FANCI	GCP-1|GCP1|IL8|LECT|LUCT|LYNAP|MDNCF|MONAP|NAF|NAP-1|NAP1	-	Reconstituted Complex	physical	Sato K (2012)	22828868	9606	9031	Low Throughput	-	-	-	-	-	BIOGRID
2474457	3091	220	109338	106722	-	RP11-66B24.1	HIF1A	ALDH1A3	HIF-1A|HIF-1alpha|HIF1|HIF1-ALPHA|MOP1|PASD8|bHLHe78	ALDH1A6|ALDH6|MCOP8|RALDH3	Affinity Capture-MS	physical	Perez-Perri JI (2016)	27320910	9606	9606	High Throughput	-	-	-	-	-	BIOGRID
2497452	26762	6559	117812	112448	-	-	HAVCR1	SLC12A3	HAVCR|HAVCR-1|KIM-1|KIM1|TIM|TIM-1|TIM1|TIMD-1|TIMD1	NCC|NCCT|TSC	Affinity Capture-MS	physical	Dejarnac O (2018)	29742433	9606	9606	High Throughput	-	-	-	-	-	BIOGRID
2516190	51185	1958	119360	108278	AD-006	-	CRBN	EGR1	MRT2|MRT2A	AT225|G0S30|KROX-24|NGFI-A|TIS8|ZIF-268|ZNF225	Reconstituted Complex	physical	Sievers QL (2018)	30385546	9606	9606	Low Throughput	-	-	-	With Pomalidomide (CHEBI:72690)|Zing finger (ZF) bound to CRBN-Pomalidomide in vitro	-	BIOGRID
2524971	2064	3576	108376	109790	-	-	ERBB2	CXCL8	CD340|HER-2|HER-2/neu|HER2|MLN 19|NEU|NGL|TKR1	GCP-1|GCP1|IL8|LECT|LUCT|LYNAP|MDNCF|MONAP|NAF|NAP-1|NAP1	Reconstituted Complex	physical	Samanta A (1994)	7907421	9606	9606	Low Throughput	-	-	-	-	-	BIOGRID
2562341	7158	1958	113011	108278	-	-	TP53BP1	EGR1	53BP1|p202	AT225|G0S30|KROX-24|NGFI-A|TIS8|ZIF-268|ZNF225	Proximity Label-MS	physical	Gupta R (2018)	29656893	9606	9606	High Throughput	-	-	-	-	-	BIOGRID
2562586	672	1958	107140	108278	-	-	BRCA1	EGR1	BRCAI|BRCC1|BROVCA1|FANCS|IRIS|PNCA4|PPP1R53|PSCP|RNF53	AT225|G0S30|KROX-24|NGFI-A|TIS8|ZIF-268|ZNF225	Proximity Label-MS	physical	Gupta R (2018)	29656893	9606	9606	High Throughput	-	-	-	-	-	BIOGRID
2610825	92140	1958	124913	108278	-	-	MTDH	EGR1	3D3|AEG-1|AEG1|LYRIC|LYRIC/3D3	AT225|G0S30|KROX-24|NGFI-A|TIS8|ZIF-268|ZNF225	Protein-RNA	physical	Meng X (2012)	22199357	9606	9606	High Throughput	-	-	-	MTDH-mRNA interactions increased by dual PI3K/mTOR inhibitor BEZ	-	BIOGRID
2633121	8239	220	113867	106722	RP5-1172N10.4	RP11-66B24.1	USP9X	ALDH1A3	DFFRX|FAF|FAM|MRX99	ALDH1A6|ALDH6|MCOP8|RALDH3	Affinity Capture-Western	physical	Chen Z (2019)	30958800	9606	9606	Low Throughput	-	-	-	-	-	BIOGRID
2633122	220	8239	106722	113867	RP11-66B24.1	RP5-1172N10.4	ALDH1A3	USP9X	ALDH1A6|ALDH6|MCOP8|RALDH3	DFFRX|FAF|FAM|MRX99	Affinity Capture-Western	physical	Chen Z (2019)	30958800	9606	9606	Low Throughput	-	-	-	-	-	BIOGRID
2633123	220	8239	106722	113867	RP11-66B24.1	RP5-1172N10.4	ALDH1A3	USP9X	ALDH1A6|ALDH6|MCOP8|RALDH3	DFFRX|FAF|FAM|MRX99	Reconstituted Complex	physical	Chen Z (2019)	30958800	9606	9606	Low Throughput	-	-	-	-	-	BIOGRID
2633125	8239	220	113867	106722	RP5-1172N10.4	RP11-66B24.1	USP9X	ALDH1A3	DFFRX|FAF|FAM|MRX99	ALDH1A6|ALDH6|MCOP8|RALDH3	Biochemical Activity	physical	Chen Z (2019)	30958800	9606	9606	Low Throughput	-	Deubiquitination	-	-	-	BIOGRID
2645016	2932	220	109187	106722	-	RP11-66B24.1	GSK3B	ALDH1A3	-	ALDH1A6|ALDH6|MCOP8|RALDH3	Affinity Capture-MS	physical	Li H (2019)	30711629	9606	9606	High Throughput	-	-	-	-	-	BIOGRID
2777913	857	220	107305	106722	-	RP11-66B24.1	CAV1	ALDH1A3	BSCL3|CGL3|LCCNS|MSTP085|PPH3|VIP21	ALDH1A6|ALDH6|MCOP8|RALDH3	Affinity Capture-MS	physical	Kennedy SA (2020)	31980649	9606	9606	High Throughput	-	-	-	-	-	BIOGRID
2778700	2887	220	109144	106722	-	RP11-66B24.1	GRB10	ALDH1A3	GRB-IR|Grb-10|IRBP|MEG1|RSS	ALDH1A6|ALDH6|MCOP8|RALDH3	Affinity Capture-MS	physical	Kennedy SA (2020)	31980649	9606	9606	High Throughput	-	-	-	-	-	BIOGRID
2780281	5587	220	111573	106722	-	RP11-66B24.1	PRKD1	ALDH1A3	PKC-MU|PKCM|PKD|PRKCM	ALDH1A6|ALDH6|MCOP8|RALDH3	Affinity Capture-MS	physical	Kennedy SA (2020)	31980649	9606	9606	High Throughput	-	-	-	-	-	BIOGRID
2780657	5868	220	111806	106722	-	RP11-66B24.1	RAB5A	ALDH1A3	RAB5	ALDH1A6|ALDH6|MCOP8|RALDH3	Affinity Capture-MS	physical	Kennedy SA (2020)	31980649	9606	9606	High Throughput	-	-	-	-	-	BIOGRID
2780847	5894	220	111831	106722	-	RP11-66B24.1	RAF1	ALDH1A3	CMD1NN|CRAF|NS5|Raf-1|c-Raf	ALDH1A6|ALDH6|MCOP8|RALDH3	Affinity Capture-MS	physical	Kennedy SA (2020)	31980649	9606	9606	High Throughput	-	-	-	-	-	BIOGRID
2781254	10044	220	115355	106722	RP11-56D16.1	RP11-66B24.1	SH2D3C	ALDH1A3	CHAT|NSP3|PRO34088|SHEP1	ALDH1A6|ALDH6|MCOP8|RALDH3	Affinity Capture-MS	physical	Kennedy SA (2020)	31980649	9606	9606	High Throughput	-	-	-	-	-	BIOGRID
2781495	30011	220	119029	106722	RP11-345L8.1	RP11-66B24.1	SH3KBP1	ALDH1A3	CD2BP3|CIN85|GIG10|HSB-1|HSB1|MIG18	ALDH1A6|ALDH6|MCOP8|RALDH3	Affinity Capture-MS	physical	Kennedy SA (2020)	31980649	9606	9606	High Throughput	-	-	-	-	-	BIOGRID
2781775	7409	220	113252	106722	-	RP11-66B24.1	VAV1	ALDH1A3	VAV	ALDH1A6|ALDH6|MCOP8|RALDH3	Affinity Capture-MS	physical	Kennedy SA (2020)	31980649	9606	9606	High Throughput	-	-	-	-	-	BIOGRID
2782346	23065	6559	116700	112448	PSEC0263	-	EMC1	SLC12A3	KIAA0090	NCC|NCCT|TSC	Affinity Capture-MS	physical	Savidis G (2016)	27342126	9606	9606	High Throughput	-	-	-	-	-	BIOGRID
2862011	6347	3576	112251	109790	-	-	CCL2	CXCL8	GDCF-2|HC11|HSMCR30|MCAF|MCP-1|MCP1|SCYA2|SMC-CF	GCP-1|GCP1|IL8|LECT|LUCT|LYNAP|MDNCF|MONAP|NAF|NAP-1|NAP1	Reconstituted Complex	physical	von Hundelshausen P (2017)	28381538	9606	9606	High Throughput	0.07	-	-	averages of 2-4 experiments were used|interaction assayed using densitometry analysis of bidirectional immunoligand blotting in which the bait protein was immobilized on a membrane, the prey protein was added in solution, prey was detected by specific antibody, and the densitometric optical density (OD) was normalized for area and reported as a ratio of a corresponding positive control|interactions were considered positive if this relative ratio was equal to or greater than 0.05	-	BIOGRID
2862171	5196	3576	111219	109790	-	-	PF4	CXCL8	CXCL4|PF-4|SCYB4	GCP-1|GCP1|IL8|LECT|LUCT|LYNAP|MDNCF|MONAP|NAF|NAP-1|NAP1	Reconstituted Complex	physical	von Hundelshausen P (2017)	28381538	9606	9606	High Throughput	0.248	-	-	averages of 2-4 experiments were used|interaction assayed using densitometry analysis of bidirectional immunoligand blotting in which the bait protein was immobilized on a membrane, the prey protein was added in solution, prey was detected by specific antibody, and the densitometric optical density (OD) was normalized for area and reported as a ratio of a corresponding positive control|interactions were considered positive if this relative ratio was equal to or greater than 0.05	-	BIOGRID
2862202	3576	6355	109790	112258	-	-	CXCL8	CCL8	GCP-1|GCP1|IL8|LECT|LUCT|LYNAP|MDNCF|MONAP|NAF|NAP-1|NAP1	HC14|MCP-2|MCP2|SCYA10|SCYA8	Reconstituted Complex	physical	von Hundelshausen P (2017)	28381538	9606	9606	High Throughput	0.053	-	-	averages of 2-4 experiments were used|interaction assayed using densitometry analysis of bidirectional immunoligand blotting in which the bait protein was immobilized on a membrane, the prey protein was added in solution, prey was detected by specific antibody, and the densitometric optical density (OD) was normalized for area and reported as a ratio of a corresponding positive control|interactions were considered positive if this relative ratio was equal to or greater than 0.05	-	BIOGRID
2872529	3187	6559	109428	112448	-	-	HNRNPH1	SLC12A3	HNRPH|HNRPH1|hnRNPH	NCC|NCCT|TSC	Affinity Capture-RNA	physical	Uren PJ (2016)	26760575	9606	9606	High Throughput	-	-	-	RIP-Seq|iCLIP	-	BIOGRID
2901554	1958	4914	108278	110969	-	-	EGR1	NTRK1	AT225|G0S30|KROX-24|NGFI-A|TIS8|ZIF-268|ZNF225	MTC|TRK|TRK1|TRKA|Trk-A|p140-TrkA	Co-localization	physical	Li H (2009)	18378044	9606	9606	Low Throughput	-	-	-	ChIP	-	BIOGRID
2901557	1958	4804	108278	110870	-	-	EGR1	NGFR	AT225|G0S30|KROX-24|NGFI-A|TIS8|ZIF-268|ZNF225	CD271|Gp80-LNGFR|TNFRSF16|p75(NTR)|p75NTR	Co-localization	physical	Li H (2009)	18378044	9606	9606	Low Throughput	-	-	-	ChIP	-	BIOGRID
2901560	4804	1958	110870	108278	-	-	NGFR	EGR1	CD271|Gp80-LNGFR|TNFRSF16|p75(NTR)|p75NTR	AT225|G0S30|KROX-24|NGFI-A|TIS8|ZIF-268|ZNF225	Reconstituted Complex	physical	Li H (2009)	18378044	9606	9606	Low Throughput	-	-	-	ChIP	-	BIOGRID
2909498	90850	3576	124771	109790	-	-	ZNF598	CXCL8	-	GCP-1|GCP1|IL8|LECT|LUCT|LYNAP|MDNCF|MONAP|NAF|NAP-1|NAP1	Affinity Capture-RNA	physical	Tollenaere MAX (2019)	30917308	9606	9606	Low Throughput	-	-	-	-	-	BIOGRID
2909499	7538	3576	113370	109790	-	-	ZFP36	CXCL8	G0S24|GOS24|NUP475|RNF162A|TIS11|TTP|zfp-36	GCP-1|GCP1|IL8|LECT|LUCT|LYNAP|MDNCF|MONAP|NAF|NAP-1|NAP1	Affinity Capture-RNA	physical	Tollenaere MAX (2019)	30917308	9606	9606	Low Throughput	-	-	-	-	-	BIOGRID
2909501	3576	90850	109790	124771	-	-	CXCL8	ZNF598	GCP-1|GCP1|IL8|LECT|LUCT|LYNAP|MDNCF|MONAP|NAF|NAP-1|NAP1	-	Protein-RNA	physical	Tollenaere MAX (2019)	30917308	9606	9606	Low Throughput	-	-	-	-	-	BIOGRID
2909502	3576	7538	109790	113370	-	-	CXCL8	ZFP36	GCP-1|GCP1|IL8|LECT|LUCT|LYNAP|MDNCF|MONAP|NAF|NAP-1|NAP1	G0S24|GOS24|NUP475|RNF162A|TIS11|TTP|zfp-36	Protein-RNA	physical	Tollenaere MAX (2019)	30917308	9606	9606	Low Throughput	-	-	-	-	-	BIOGRID
3025026	4089	220	110264	106722	-	RP11-66B24.1	SMAD4	ALDH1A3	DPC4|JIP|MADH4|MYHRS	ALDH1A6|ALDH6|MCOP8|RALDH3	Affinity Capture-MS	physical	Wong CK (2020)	31932471	9606	9606	High Throughput	-	-	-	-	-	BIOGRID
3028763	30815	220	119039	106722	RP11-203J24.3	RP11-66B24.1	ST6GALNAC6	ALDH1A3	SIAT7-F|SIAT7F|ST6GALNACVI	ALDH1A6|ALDH6|MCOP8|RALDH3	Affinity Capture-MS	physical	Huttlin EL (2021)	33961781	9606	9606	High Throughput	0.963470796	-	-	BioPlex 3.0 HEK 293T cells CompPASS score = 0.963470796, threshold = 0.75. Quantitative scores are calculated by CompPASS-Plus (Huttlin et al. Cell 2015, PMID: 26186194). The 0.75 threshold represents the top 2% of scores in HEK293T.|This data may be re-scored from BioPlex 1.0 (PMID: 26186194) and BioPlex 2.0 (PMID: 28514442). Only scores from within the same cell line in BioPlex 3.0 (PMID: 33961781) should be compared directly. For comparison of HEK293T and HCT116 interaction networks with relaxed threshold = 0.1, see BioPlex Interactome (https://bioplex.hms.harvard.edu/index.php).	-	BIOGRID
3028794	84968	220	124398	106722	hCG_1792470	RP11-66B24.1	PNMA6A	ALDH1A3	MA6|PNMA6|PNMA6C	ALDH1A6|ALDH6|MCOP8|RALDH3	Affinity Capture-MS	physical	Huttlin EL (2021)	33961781	9606	9606	High Throughput	0.999640843	-	-	BioPlex 3.0 HEK 293T cells CompPASS score = 0.999640843, threshold = 0.75. Quantitative scores are calculated by CompPASS-Plus (Huttlin et al. Cell 2015, PMID: 26186194). The 0.75 threshold represents the top 2% of scores in HEK293T.|This data may be re-scored from BioPlex 1.0 (PMID: 26186194) and BioPlex 2.0 (PMID: 28514442). Only scores from within the same cell line in BioPlex 3.0 (PMID: 33961781) should be compared directly. For comparison of HEK293T and HCT116 interaction networks with relaxed threshold = 0.1, see BioPlex Interactome (https://bioplex.hms.harvard.edu/index.php).	-	BIOGRID
3037772	53820	220	119794	106722	-	RP11-66B24.1	RIPPLY3	ALDH1A3	DSCR6	ALDH1A6|ALDH6|MCOP8|RALDH3	Affinity Capture-MS	physical	Huttlin EL (2021)	33961781	9606	9606	High Throughput	0.998596855	-	-	BioPlex 3.0 HEK 293T cells CompPASS score = 0.998596855, threshold = 0.75. Quantitative scores are calculated by CompPASS-Plus (Huttlin et al. Cell 2015, PMID: 26186194). The 0.75 threshold represents the top 2% of scores in HEK293T.|This data may be re-scored from BioPlex 1.0 (PMID: 26186194) and BioPlex 2.0 (PMID: 28514442). Only scores from within the same cell line in BioPlex 3.0 (PMID: 33961781) should be compared directly. For comparison of HEK293T and HCT116 interaction networks with relaxed threshold = 0.1, see BioPlex Interactome (https://bioplex.hms.harvard.edu/index.php).	-	BIOGRID
3046645	6559	27131	112448	118022	-	RP11-504H3.2	SLC12A3	SNX5	NCC|NCCT|TSC	-	Affinity Capture-MS	physical	Huttlin EL (2021)	33961781	9606	9606	High Throughput	0.97530228	-	-	BioPlex 3.0 HEK 293T cells CompPASS score = 0.97530228, threshold = 0.75. Quantitative scores are calculated by CompPASS-Plus (Huttlin et al. Cell 2015, PMID: 26186194). The 0.75 threshold represents the top 2% of scores in HEK293T.|This data may be re-scored from BioPlex 1.0 (PMID: 26186194) and BioPlex 2.0 (PMID: 28514442). Only scores from within the same cell line in BioPlex 3.0 (PMID: 33961781) should be compared directly. For comparison of HEK293T and HCT116 interaction networks with relaxed threshold = 0.1, see BioPlex Interactome (https://bioplex.hms.harvard.edu/index.php).	-	BIOGRID
3047097	54498	220	119994	106722	RP4-779E11.4	RP11-66B24.1	SMOX	ALDH1A3	C20orf16|PAO|PAO-1|PAO1|PAOH|PAOH1|SMO	ALDH1A6|ALDH6|MCOP8|RALDH3	Affinity Capture-MS	physical	Huttlin EL (2021)	33961781	9606	9606	High Throughput	0.99632114	-	-	BioPlex 3.0 HEK 293T cells CompPASS score = 0.99632114, threshold = 0.75. Quantitative scores are calculated by CompPASS-Plus (Huttlin et al. Cell 2015, PMID: 26186194). The 0.75 threshold represents the top 2% of scores in HEK293T.|This data may be re-scored from BioPlex 1.0 (PMID: 26186194) and BioPlex 2.0 (PMID: 28514442). Only scores from within the same cell line in BioPlex 3.0 (PMID: 33961781) should be compared directly. For comparison of HEK293T and HCT116 interaction networks with relaxed threshold = 0.1, see BioPlex Interactome (https://bioplex.hms.harvard.edu/index.php).	-	BIOGRID
3049384	6559	6643	112448	112526	-	TRG9	SLC12A3	SNX2	NCC|NCCT|TSC	TRG-9	Affinity Capture-MS	physical	Huttlin EL (2021)	33961781	9606	9606	High Throughput	0.990939599	-	-	BioPlex 3.0 HEK 293T cells CompPASS score = 0.990939599, threshold = 0.75. Quantitative scores are calculated by CompPASS-Plus (Huttlin et al. Cell 2015, PMID: 26186194). The 0.75 threshold represents the top 2% of scores in HEK293T.|This data may be re-scored from BioPlex 1.0 (PMID: 26186194) and BioPlex 2.0 (PMID: 28514442). Only scores from within the same cell line in BioPlex 3.0 (PMID: 33961781) should be compared directly. For comparison of HEK293T and HCT116 interaction networks with relaxed threshold = 0.1, see BioPlex Interactome (https://bioplex.hms.harvard.edu/index.php).	-	BIOGRID
3051715	64689	220	122232	106722	-	RP11-66B24.1	GORASP1	ALDH1A3	GOLPH5|GRASP65|P65	ALDH1A6|ALDH6|MCOP8|RALDH3	Affinity Capture-MS	physical	Huttlin EL (2021)	33961781	9606	9606	High Throughput	0.997611114	-	-	BioPlex 3.0 HEK 293T cells CompPASS score = 0.997611114, threshold = 0.75. Quantitative scores are calculated by CompPASS-Plus (Huttlin et al. Cell 2015, PMID: 26186194). The 0.75 threshold represents the top 2% of scores in HEK293T.|This data may be re-scored from BioPlex 1.0 (PMID: 26186194) and BioPlex 2.0 (PMID: 28514442). Only scores from within the same cell line in BioPlex 3.0 (PMID: 33961781) should be compared directly. For comparison of HEK293T and HCT116 interaction networks with relaxed threshold = 0.1, see BioPlex Interactome (https://bioplex.hms.harvard.edu/index.php).	-	BIOGRID
3061020	55014	220	120346	106722	-	RP11-66B24.1	STX17	ALDH1A3	-	ALDH1A6|ALDH6|MCOP8|RALDH3	Affinity Capture-MS	physical	Huttlin EL (2021)	33961781	9606	9606	High Throughput	0.999835036	-	-	BioPlex 3.0 HEK 293T cells CompPASS score = 0.999835036, threshold = 0.75. Quantitative scores are calculated by CompPASS-Plus (Huttlin et al. Cell 2015, PMID: 26186194). The 0.75 threshold represents the top 2% of scores in HEK293T.|This data may be re-scored from BioPlex 1.0 (PMID: 26186194) and BioPlex 2.0 (PMID: 28514442). Only scores from within the same cell line in BioPlex 3.0 (PMID: 33961781) should be compared directly. For comparison of HEK293T and HCT116 interaction networks with relaxed threshold = 0.1, see BioPlex Interactome (https://bioplex.hms.harvard.edu/index.php).	-	BIOGRID
3069382	11078	220	116261	106722	HRIHFB2122	RP11-66B24.1	TRIOBP	ALDH1A3	DFNB28|TAP68|TARA|dJ37E16.4	ALDH1A6|ALDH6|MCOP8|RALDH3	Affinity Capture-MS	physical	Huttlin EL (2021)	33961781	9606	9606	High Throughput	0.997593005	-	-	BioPlex 3.0 HEK 293T cells CompPASS score = 0.997593005, threshold = 0.75. Quantitative scores are calculated by CompPASS-Plus (Huttlin et al. Cell 2015, PMID: 26186194). The 0.75 threshold represents the top 2% of scores in HEK293T.|This data may be re-scored from BioPlex 1.0 (PMID: 26186194) and BioPlex 2.0 (PMID: 28514442). Only scores from within the same cell line in BioPlex 3.0 (PMID: 33961781) should be compared directly. For comparison of HEK293T and HCT116 interaction networks with relaxed threshold = 0.1, see BioPlex Interactome (https://bioplex.hms.harvard.edu/index.php).	-	BIOGRID
3071040	5455	220	111451	106722	-	RP11-66B24.1	POU3F3	ALDH1A3	BRN1|OTF8	ALDH1A6|ALDH6|MCOP8|RALDH3	Affinity Capture-MS	physical	Huttlin EL (2021)	33961781	9606	9606	High Throughput	0.993385408	-	-	BioPlex 3.0 HEK 293T cells CompPASS score = 0.993385408, threshold = 0.75. Quantitative scores are calculated by CompPASS-Plus (Huttlin et al. Cell 2015, PMID: 26186194). The 0.75 threshold represents the top 2% of scores in HEK293T.|This data may be re-scored from BioPlex 1.0 (PMID: 26186194) and BioPlex 2.0 (PMID: 28514442). Only scores from within the same cell line in BioPlex 3.0 (PMID: 33961781) should be compared directly. For comparison of HEK293T and HCT116 interaction networks with relaxed threshold = 0.1, see BioPlex Interactome (https://bioplex.hms.harvard.edu/index.php).	-	BIOGRID
3072321	1958	4664	108278	110746	-	-	EGR1	NAB1	AT225|G0S30|KROX-24|NGFI-A|TIS8|ZIF-268|ZNF225	-	Affinity Capture-MS	physical	Huttlin EL (2021)	33961781	9606	9606	High Throughput	0.999023543	-	-	BioPlex 3.0 HEK 293T cells CompPASS score = 0.999023543, threshold = 0.75. Quantitative scores are calculated by CompPASS-Plus (Huttlin et al. Cell 2015, PMID: 26186194). The 0.75 threshold represents the top 2% of scores in HEK293T.|This data may be re-scored from BioPlex 1.0 (PMID: 26186194) and BioPlex 2.0 (PMID: 28514442). Only scores from within the same cell line in BioPlex 3.0 (PMID: 33961781) should be compared directly. For comparison of HEK293T and HCT116 interaction networks with relaxed threshold = 0.1, see BioPlex Interactome (https://bioplex.hms.harvard.edu/index.php).	-	BIOGRID
3081600	6559	2983	112448	109238	-	-	SLC12A3	GUCY1B3	NCC|NCCT|TSC	GC-S-beta-1|GC-SB3|GUC1B3|GUCB3|GUCSB3|GUCY1B1	Affinity Capture-MS	physical	Huttlin EL (2021)	33961781	9606	9606	High Throughput	0.994249291	-	-	BioPlex 3.0 HEK 293T cells CompPASS score = 0.994249291, threshold = 0.75. Quantitative scores are calculated by CompPASS-Plus (Huttlin et al. Cell 2015, PMID: 26186194). The 0.75 threshold represents the top 2% of scores in HEK293T.|This data may be re-scored from BioPlex 1.0 (PMID: 26186194) and BioPlex 2.0 (PMID: 28514442). Only scores from within the same cell line in BioPlex 3.0 (PMID: 33961781) should be compared directly. For comparison of HEK293T and HCT116 interaction networks with relaxed threshold = 0.1, see BioPlex Interactome (https://bioplex.hms.harvard.edu/index.php).	-	BIOGRID
3082354	2805	220	109067	106722	-	RP11-66B24.1	GOT1	ALDH1A3	ASTQTL1|GIG18|cAspAT|cCAT	ALDH1A6|ALDH6|MCOP8|RALDH3	Affinity Capture-MS	physical	Huttlin EL (2021)	33961781	9606	9606	High Throughput	0.99994395	-	-	BioPlex 3.0 HEK 293T cells CompPASS score = 0.99994395, threshold = 0.75. Quantitative scores are calculated by CompPASS-Plus (Huttlin et al. Cell 2015, PMID: 26186194). The 0.75 threshold represents the top 2% of scores in HEK293T.|This data may be re-scored from BioPlex 1.0 (PMID: 26186194) and BioPlex 2.0 (PMID: 28514442). Only scores from within the same cell line in BioPlex 3.0 (PMID: 33961781) should be compared directly. For comparison of HEK293T and HCT116 interaction networks with relaxed threshold = 0.1, see BioPlex Interactome (https://bioplex.hms.harvard.edu/index.php).	-	BIOGRID
3083591	9659	220	115017	106722	RP4-791M13.2	RP11-66B24.1	PDE4DIP	ALDH1A3	CMYA2|MMGL	ALDH1A6|ALDH6|MCOP8|RALDH3	Affinity Capture-MS	physical	Huttlin EL (2021)	33961781	9606	9606	High Throughput	0.995029891	-	-	BioPlex 3.0 HEK 293T cells CompPASS score = 0.995029891, threshold = 0.75. Quantitative scores are calculated by CompPASS-Plus (Huttlin et al. Cell 2015, PMID: 26186194). The 0.75 threshold represents the top 2% of scores in HEK293T.|This data may be re-scored from BioPlex 1.0 (PMID: 26186194) and BioPlex 2.0 (PMID: 28514442). Only scores from within the same cell line in BioPlex 3.0 (PMID: 33961781) should be compared directly. For comparison of HEK293T and HCT116 interaction networks with relaxed threshold = 0.1, see BioPlex Interactome (https://bioplex.hms.harvard.edu/index.php).	-	BIOGRID
3093360	6559	65992	112448	122441	-	-	SLC12A3	DDRGK1	NCC|NCCT|TSC	C20orf116|UFBP1|dJ1187M17.3	Affinity Capture-MS	physical	Huttlin EL (2021)	33961781	9606	9606	High Throughput	0.797428866	-	-	BioPlex 3.0 HEK 293T cells CompPASS score = 0.797428866, threshold = 0.75. Quantitative scores are calculated by CompPASS-Plus (Huttlin et al. Cell 2015, PMID: 26186194). The 0.75 threshold represents the top 2% of scores in HEK293T.|This data may be re-scored from BioPlex 1.0 (PMID: 26186194) and BioPlex 2.0 (PMID: 28514442). Only scores from within the same cell line in BioPlex 3.0 (PMID: 33961781) should be compared directly. For comparison of HEK293T and HCT116 interaction networks with relaxed threshold = 0.1, see BioPlex Interactome (https://bioplex.hms.harvard.edu/index.php).	-	BIOGRID
3095484	9791	220	115135	106722	-	RP11-66B24.1	PTDSS1	ALDH1A3	LMHD|PSS1|PSSA	ALDH1A6|ALDH6|MCOP8|RALDH3	Affinity Capture-MS	physical	Huttlin EL (2021)	33961781	9606	9606	High Throughput	0.999787096	-	-	BioPlex 3.0 HEK 293T cells CompPASS score = 0.999787096, threshold = 0.75. Quantitative scores are calculated by CompPASS-Plus (Huttlin et al. Cell 2015, PMID: 26186194). The 0.75 threshold represents the top 2% of scores in HEK293T.|This data may be re-scored from BioPlex 1.0 (PMID: 26186194) and BioPlex 2.0 (PMID: 28514442). Only scores from within the same cell line in BioPlex 3.0 (PMID: 33961781) should be compared directly. For comparison of HEK293T and HCT116 interaction networks with relaxed threshold = 0.1, see BioPlex Interactome (https://bioplex.hms.harvard.edu/index.php).	-	BIOGRID
3105700	11019	220	116209	106722	HUSSY-01	RP11-66B24.1	LIAS	ALDH1A3	LAS|LIP1|LS|PDHLD	ALDH1A6|ALDH6|MCOP8|RALDH3	Affinity Capture-MS	physical	Huttlin EL (2021)	33961781	9606	9606	High Throughput	0.953776905	-	-	BioPlex 3.0 HEK 293T cells CompPASS score = 0.953776905, threshold = 0.75. Quantitative scores are calculated by CompPASS-Plus (Huttlin et al. Cell 2015, PMID: 26186194). The 0.75 threshold represents the top 2% of scores in HEK293T.|This data may be re-scored from BioPlex 1.0 (PMID: 26186194) and BioPlex 2.0 (PMID: 28514442). Only scores from within the same cell line in BioPlex 3.0 (PMID: 33961781) should be compared directly. For comparison of HEK293T and HCT116 interaction networks with relaxed threshold = 0.1, see BioPlex Interactome (https://bioplex.hms.harvard.edu/index.php).	-	BIOGRID
3108891	3680	220	109886	106722	-	RP11-66B24.1	ITGA9	ALDH1A3	ALPHA-RLC|ITGA4L|RLC	ALDH1A6|ALDH6|MCOP8|RALDH3	Affinity Capture-MS	physical	Huttlin EL (2021)	33961781	9606	9606	High Throughput	0.998011146	-	-	BioPlex 3.0 HEK 293T cells CompPASS score = 0.998011146, threshold = 0.75. Quantitative scores are calculated by CompPASS-Plus (Huttlin et al. Cell 2015, PMID: 26186194). The 0.75 threshold represents the top 2% of scores in HEK293T.|This data may be re-scored from BioPlex 1.0 (PMID: 26186194) and BioPlex 2.0 (PMID: 28514442). Only scores from within the same cell line in BioPlex 3.0 (PMID: 33961781) should be compared directly. For comparison of HEK293T and HCT116 interaction networks with relaxed threshold = 0.1, see BioPlex Interactome (https://bioplex.hms.harvard.edu/index.php).	-	BIOGRID
3114411	6559	58533	112448	121852	-	-	SLC12A3	SNX6	NCC|NCCT|TSC	MSTP010|TFAF2	Affinity Capture-MS	physical	Huttlin EL (2021)	33961781	9606	9606	High Throughput	0.999182593	-	-	BioPlex 3.0 HEK 293T cells CompPASS score = 0.999182593, threshold = 0.75. Quantitative scores are calculated by CompPASS-Plus (Huttlin et al. Cell 2015, PMID: 26186194). The 0.75 threshold represents the top 2% of scores in HEK293T.|This data may be re-scored from BioPlex 1.0 (PMID: 26186194) and BioPlex 2.0 (PMID: 28514442). Only scores from within the same cell line in BioPlex 3.0 (PMID: 33961781) should be compared directly. For comparison of HEK293T and HCT116 interaction networks with relaxed threshold = 0.1, see BioPlex Interactome (https://bioplex.hms.harvard.edu/index.php).	-	BIOGRID
3114794	1958	90007	108278	124652	-	-	EGR1	MIDN	AT225|G0S30|KROX-24|NGFI-A|TIS8|ZIF-268|ZNF225	-	Affinity Capture-MS	physical	Huttlin EL (2021)	33961781	9606	9606	High Throughput	0.999999875	-	-	BioPlex 3.0 HEK 293T cells CompPASS score = 0.999999875, threshold = 0.75. Quantitative scores are calculated by CompPASS-Plus (Huttlin et al. Cell 2015, PMID: 26186194). The 0.75 threshold represents the top 2% of scores in HEK293T.|This data may be re-scored from BioPlex 1.0 (PMID: 26186194) and BioPlex 2.0 (PMID: 28514442). Only scores from within the same cell line in BioPlex 3.0 (PMID: 33961781) should be compared directly. For comparison of HEK293T and HCT116 interaction networks with relaxed threshold = 0.1, see BioPlex Interactome (https://bioplex.hms.harvard.edu/index.php).	-	BIOGRID
3115180	100533106	220	1529420	106722	-	RP11-66B24.1	ZHX1-C8orf76	ALDH1A3	-	ALDH1A6|ALDH6|MCOP8|RALDH3	Affinity Capture-MS	physical	Huttlin EL (2021)	33961781	9606	9606	High Throughput	0.99651441	-	-	BioPlex 3.0 HEK 293T cells CompPASS score = 0.99651441, threshold = 0.75. Quantitative scores are calculated by CompPASS-Plus (Huttlin et al. Cell 2015, PMID: 26186194). The 0.75 threshold represents the top 2% of scores in HEK293T.|This data may be re-scored from BioPlex 1.0 (PMID: 26186194) and BioPlex 2.0 (PMID: 28514442). Only scores from within the same cell line in BioPlex 3.0 (PMID: 33961781) should be compared directly. For comparison of HEK293T and HCT116 interaction networks with relaxed threshold = 0.1, see BioPlex Interactome (https://bioplex.hms.harvard.edu/index.php).	-	BIOGRID
3115829	6559	6642	112448	112525	-	-	SLC12A3	SNX1	NCC|NCCT|TSC	HsT17379|VPS5	Affinity Capture-MS	physical	Huttlin EL (2021)	33961781	9606	9606	High Throughput	0.97877539	-	-	BioPlex 3.0 HEK 293T cells CompPASS score = 0.97877539, threshold = 0.75. Quantitative scores are calculated by CompPASS-Plus (Huttlin et al. Cell 2015, PMID: 26186194). The 0.75 threshold represents the top 2% of scores in HEK293T.|This data may be re-scored from BioPlex 1.0 (PMID: 26186194) and BioPlex 2.0 (PMID: 28514442). Only scores from within the same cell line in BioPlex 3.0 (PMID: 33961781) should be compared directly. For comparison of HEK293T and HCT116 interaction networks with relaxed threshold = 0.1, see BioPlex Interactome (https://bioplex.hms.harvard.edu/index.php).	-	BIOGRID
3117040	65061	220	122381	106722	-	RP11-66B24.1	CDK15	ALDH1A3	ALS2CR7|PFTAIRE2|PFTK2	ALDH1A6|ALDH6|MCOP8|RALDH3	Affinity Capture-MS	physical	Huttlin EL (2021)	33961781	9606	9606	High Throughput	0.997786659	-	-	BioPlex 3.0 HEK 293T cells CompPASS score = 0.997786659, threshold = 0.75. Quantitative scores are calculated by CompPASS-Plus (Huttlin et al. Cell 2015, PMID: 26186194). The 0.75 threshold represents the top 2% of scores in HEK293T.|This data may be re-scored from BioPlex 1.0 (PMID: 26186194) and BioPlex 2.0 (PMID: 28514442). Only scores from within the same cell line in BioPlex 3.0 (PMID: 33961781) should be compared directly. For comparison of HEK293T and HCT116 interaction networks with relaxed threshold = 0.1, see BioPlex Interactome (https://bioplex.hms.harvard.edu/index.php).	-	BIOGRID
3117333	94235	220	125148	106722	-	RP11-66B24.1	GNG8	ALDH1A3	-	ALDH1A6|ALDH6|MCOP8|RALDH3	Affinity Capture-MS	physical	Huttlin EL (2021)	33961781	9606	9606	High Throughput	0.999105963	-	-	BioPlex 3.0 HEK 293T cells CompPASS score = 0.999105963, threshold = 0.75. Quantitative scores are calculated by CompPASS-Plus (Huttlin et al. Cell 2015, PMID: 26186194). The 0.75 threshold represents the top 2% of scores in HEK293T.|This data may be re-scored from BioPlex 1.0 (PMID: 26186194) and BioPlex 2.0 (PMID: 28514442). Only scores from within the same cell line in BioPlex 3.0 (PMID: 33961781) should be compared directly. For comparison of HEK293T and HCT116 interaction networks with relaxed threshold = 0.1, see BioPlex Interactome (https://bioplex.hms.harvard.edu/index.php).	-	BIOGRID
3118132	54205	220	119922	106722	-	RP11-66B24.1	CYCS	ALDH1A3	CYC|HCS|THC4	ALDH1A6|ALDH6|MCOP8|RALDH3	Affinity Capture-MS	physical	Huttlin EL (2021)	33961781	9606	9606	High Throughput	0.999999847	-	-	BioPlex 3.0 HEK 293T cells CompPASS score = 0.999999847, threshold = 0.75. Quantitative scores are calculated by CompPASS-Plus (Huttlin et al. Cell 2015, PMID: 26186194). The 0.75 threshold represents the top 2% of scores in HEK293T.|This data may be re-scored from BioPlex 1.0 (PMID: 26186194) and BioPlex 2.0 (PMID: 28514442). Only scores from within the same cell line in BioPlex 3.0 (PMID: 33961781) should be compared directly. For comparison of HEK293T and HCT116 interaction networks with relaxed threshold = 0.1, see BioPlex Interactome (https://bioplex.hms.harvard.edu/index.php).	-	BIOGRID
3120731	79541	220	122708	106722	-	RP11-66B24.1	OR2A4	ALDH1A3	OR2A10	ALDH1A6|ALDH6|MCOP8|RALDH3	Affinity Capture-MS	physical	Huttlin EL (2021)	33961781	9606	9606	High Throughput	0.999998083	-	-	BioPlex 3.0 HEK 293T cells CompPASS score = 0.999998083, threshold = 0.75. Quantitative scores are calculated by CompPASS-Plus (Huttlin et al. Cell 2015, PMID: 26186194). The 0.75 threshold represents the top 2% of scores in HEK293T.|This data may be re-scored from BioPlex 1.0 (PMID: 26186194) and BioPlex 2.0 (PMID: 28514442). Only scores from within the same cell line in BioPlex 3.0 (PMID: 33961781) should be compared directly. For comparison of HEK293T and HCT116 interaction networks with relaxed threshold = 0.1, see BioPlex Interactome (https://bioplex.hms.harvard.edu/index.php).	-	BIOGRID
3121726	5521	220	111513	106722	-	RP11-66B24.1	PPP2R2B	ALDH1A3	B55BETA|PP2AB55BETA|PP2ABBETA|PP2APR55B|PP2APR55BETA|PR2AB55BETA|PR2ABBETA|PR2APR55BETA|PR52B|PR55-BETA|PR55BETA|SCA12	ALDH1A6|ALDH6|MCOP8|RALDH3	Affinity Capture-MS	physical	Huttlin EL (2021)	33961781	9606	9606	High Throughput	0.999997127	-	-	BioPlex 3.0 HEK 293T cells CompPASS score = 0.999997127, threshold = 0.75. Quantitative scores are calculated by CompPASS-Plus (Huttlin et al. Cell 2015, PMID: 26186194). The 0.75 threshold represents the top 2% of scores in HEK293T.|This data may be re-scored from BioPlex 1.0 (PMID: 26186194) and BioPlex 2.0 (PMID: 28514442). Only scores from within the same cell line in BioPlex 3.0 (PMID: 33961781) should be compared directly. For comparison of HEK293T and HCT116 interaction networks with relaxed threshold = 0.1, see BioPlex Interactome (https://bioplex.hms.harvard.edu/index.php).	-	BIOGRID
3121730	27258	220	118105	106722	MDS017	RP11-66B24.1	LSM3	ALDH1A3	SMX4|USS2|YLR438C	ALDH1A6|ALDH6|MCOP8|RALDH3	Affinity Capture-MS	physical	Huttlin EL (2021)	33961781	9606	9606	High Throughput	0.999996868	-	-	BioPlex 3.0 HEK 293T cells CompPASS score = 0.999996868, threshold = 0.75. Quantitative scores are calculated by CompPASS-Plus (Huttlin et al. Cell 2015, PMID: 26186194). The 0.75 threshold represents the top 2% of scores in HEK293T.|This data may be re-scored from BioPlex 1.0 (PMID: 26186194) and BioPlex 2.0 (PMID: 28514442). Only scores from within the same cell line in BioPlex 3.0 (PMID: 33961781) should be compared directly. For comparison of HEK293T and HCT116 interaction networks with relaxed threshold = 0.1, see BioPlex Interactome (https://bioplex.hms.harvard.edu/index.php).	-	BIOGRID
3122742	2982	220	109237	106722	RP11-588K22.2	RP11-66B24.1	GUCY1A3	ALDH1A3	GC-SA3|GUC1A3|GUCA3|GUCSA3|GUCY1A1|MYMY6	ALDH1A6|ALDH6|MCOP8|RALDH3	Affinity Capture-MS	physical	Huttlin EL (2021)	33961781	9606	9606	High Throughput	0.992870397	-	-	BioPlex 3.0 HEK 293T cells CompPASS score = 0.992870397, threshold = 0.75. Quantitative scores are calculated by CompPASS-Plus (Huttlin et al. Cell 2015, PMID: 26186194). The 0.75 threshold represents the top 2% of scores in HEK293T.|This data may be re-scored from BioPlex 1.0 (PMID: 26186194) and BioPlex 2.0 (PMID: 28514442). Only scores from within the same cell line in BioPlex 3.0 (PMID: 33961781) should be compared directly. For comparison of HEK293T and HCT116 interaction networks with relaxed threshold = 0.1, see BioPlex Interactome (https://bioplex.hms.harvard.edu/index.php).	-	BIOGRID
3127903	2551	220	108826	106722	-	RP11-66B24.1	GABPA	ALDH1A3	E4TF1-60|E4TF1A|NFT2|NRF2|NRF2A|RCH04A07	ALDH1A6|ALDH6|MCOP8|RALDH3	Affinity Capture-MS	physical	Huttlin EL (2021)	33961781	9606	9606	High Throughput	0.965545191	-	-	BioPlex 3.0 HEK 293T cells CompPASS score = 0.965545191, threshold = 0.75. Quantitative scores are calculated by CompPASS-Plus (Huttlin et al. Cell 2015, PMID: 26186194). The 0.75 threshold represents the top 2% of scores in HEK293T.|This data may be re-scored from BioPlex 1.0 (PMID: 26186194) and BioPlex 2.0 (PMID: 28514442). Only scores from within the same cell line in BioPlex 3.0 (PMID: 33961781) should be compared directly. For comparison of HEK293T and HCT116 interaction networks with relaxed threshold = 0.1, see BioPlex Interactome (https://bioplex.hms.harvard.edu/index.php).	-	BIOGRID
3131826	196792	220	128226	106722	-	RP11-66B24.1	FAM24B	ALDH1A3	-	ALDH1A6|ALDH6|MCOP8|RALDH3	Affinity Capture-MS	physical	Huttlin EL (2021)	33961781	9606	9606	High Throughput	0.999997311	-	-	BioPlex 3.0 HEK 293T cells CompPASS score = 0.999997311, threshold = 0.75. Quantitative scores are calculated by CompPASS-Plus (Huttlin et al. Cell 2015, PMID: 26186194). The 0.75 threshold represents the top 2% of scores in HEK293T.|This data may be re-scored from BioPlex 1.0 (PMID: 26186194) and BioPlex 2.0 (PMID: 28514442). Only scores from within the same cell line in BioPlex 3.0 (PMID: 33961781) should be compared directly. For comparison of HEK293T and HCT116 interaction networks with relaxed threshold = 0.1, see BioPlex Interactome (https://bioplex.hms.harvard.edu/index.php).	-	BIOGRID
3132607	5746	220	111718	106722	-	RP11-66B24.1	PTH2R	ALDH1A3	PTHR2	ALDH1A6|ALDH6|MCOP8|RALDH3	Affinity Capture-MS	physical	Huttlin EL (2021)	33961781	9606	9606	High Throughput	0.997671848	-	-	BioPlex 3.0 HEK 293T cells CompPASS score = 0.997671848, threshold = 0.75. Quantitative scores are calculated by CompPASS-Plus (Huttlin et al. Cell 2015, PMID: 26186194). The 0.75 threshold represents the top 2% of scores in HEK293T.|This data may be re-scored from BioPlex 1.0 (PMID: 26186194) and BioPlex 2.0 (PMID: 28514442). Only scores from within the same cell line in BioPlex 3.0 (PMID: 33961781) should be compared directly. For comparison of HEK293T and HCT116 interaction networks with relaxed threshold = 0.1, see BioPlex Interactome (https://bioplex.hms.harvard.edu/index.php).	-	BIOGRID
3134033	348980	220	131543	106722	-	RP11-66B24.1	HCN1	ALDH1A3	BCNG-1|BCNG1|EIEE24|HAC-2	ALDH1A6|ALDH6|MCOP8|RALDH3	Affinity Capture-MS	physical	Huttlin EL (2021)	33961781	9606	9606	High Throughput	0.999903488	-	-	BioPlex 3.0 HEK 293T cells CompPASS score = 0.999903488, threshold = 0.75. Quantitative scores are calculated by CompPASS-Plus (Huttlin et al. Cell 2015, PMID: 26186194). The 0.75 threshold represents the top 2% of scores in HEK293T.|This data may be re-scored from BioPlex 1.0 (PMID: 26186194) and BioPlex 2.0 (PMID: 28514442). Only scores from within the same cell line in BioPlex 3.0 (PMID: 33961781) should be compared directly. For comparison of HEK293T and HCT116 interaction networks with relaxed threshold = 0.1, see BioPlex Interactome (https://bioplex.hms.harvard.edu/index.php).	-	BIOGRID
3135814	201562	220	128393	106722	-	RP11-66B24.1	PTPLB	ALDH1A3	HACD2	ALDH1A6|ALDH6|MCOP8|RALDH3	Affinity Capture-MS	physical	Huttlin EL (2021)	33961781	9606	9606	High Throughput	0.889310477	-	-	BioPlex 3.0 HEK 293T cells CompPASS score = 0.889310477, threshold = 0.75. Quantitative scores are calculated by CompPASS-Plus (Huttlin et al. Cell 2015, PMID: 26186194). The 0.75 threshold represents the top 2% of scores in HEK293T.|This data may be re-scored from BioPlex 1.0 (PMID: 26186194) and BioPlex 2.0 (PMID: 28514442). Only scores from within the same cell line in BioPlex 3.0 (PMID: 33961781) should be compared directly. For comparison of HEK293T and HCT116 interaction networks with relaxed threshold = 0.1, see BioPlex Interactome (https://bioplex.hms.harvard.edu/index.php).	-	BIOGRID
3141817	83694	220	123728	106722	-	RP11-66B24.1	RPS6KL1	ALDH1A3	RSKL2	ALDH1A6|ALDH6|MCOP8|RALDH3	Affinity Capture-MS	physical	Huttlin EL (2021)	33961781	9606	9606	High Throughput	0.993880167	-	-	BioPlex 3.0 HEK 293T cells CompPASS score = 0.993880167, threshold = 0.75. Quantitative scores are calculated by CompPASS-Plus (Huttlin et al. Cell 2015, PMID: 26186194). The 0.75 threshold represents the top 2% of scores in HEK293T.|This data may be re-scored from BioPlex 1.0 (PMID: 26186194) and BioPlex 2.0 (PMID: 28514442). Only scores from within the same cell line in BioPlex 3.0 (PMID: 33961781) should be compared directly. For comparison of HEK293T and HCT116 interaction networks with relaxed threshold = 0.1, see BioPlex Interactome (https://bioplex.hms.harvard.edu/index.php).	-	BIOGRID
3142664	6559	3312	112448	109544	-	-	SLC12A3	HSPA8	NCC|NCCT|TSC	HEL-33|HEL-S-72p|HSC54|HSC70|HSC71|HSP71|HSP73|HSPA10|LAP-1|LAP1|NIP71	Affinity Capture-MS	physical	Huttlin EL (2021)	33961781	9606	9606	High Throughput	0.892440744	-	-	BioPlex 3.0 HEK 293T cells CompPASS score = 0.892440744, threshold = 0.75. Quantitative scores are calculated by CompPASS-Plus (Huttlin et al. Cell 2015, PMID: 26186194). The 0.75 threshold represents the top 2% of scores in HEK293T.|This data may be re-scored from BioPlex 1.0 (PMID: 26186194) and BioPlex 2.0 (PMID: 28514442). Only scores from within the same cell line in BioPlex 3.0 (PMID: 33961781) should be compared directly. For comparison of HEK293T and HCT116 interaction networks with relaxed threshold = 0.1, see BioPlex Interactome (https://bioplex.hms.harvard.edu/index.php).	-	BIOGRID
3144004	399967	220	134470	106722	UNQ3112/PRO10144	RP11-66B24.1	PATE2	ALDH1A3	C11orf38|PATE-M|UNQ3112	ALDH1A6|ALDH6|MCOP8|RALDH3	Affinity Capture-MS	physical	Huttlin EL (2021)	33961781	9606	9606	High Throughput	0.988733528	-	-	BioPlex 3.0 HEK 293T cells CompPASS score = 0.988733528, threshold = 0.75. Quantitative scores are calculated by CompPASS-Plus (Huttlin et al. Cell 2015, PMID: 26186194). The 0.75 threshold represents the top 2% of scores in HEK293T.|This data may be re-scored from BioPlex 1.0 (PMID: 26186194) and BioPlex 2.0 (PMID: 28514442). Only scores from within the same cell line in BioPlex 3.0 (PMID: 33961781) should be compared directly. For comparison of HEK293T and HCT116 interaction networks with relaxed threshold = 0.1, see BioPlex Interactome (https://bioplex.hms.harvard.edu/index.php).	-	BIOGRID
3144531	51652	220	119660	106722	CGI-149	RP11-66B24.1	CHMP3	ALDH1A3	NEDF|VPS24	ALDH1A6|ALDH6|MCOP8|RALDH3	Affinity Capture-MS	physical	Huttlin EL (2021)	33961781	9606	9606	High Throughput	0.999887264	-	-	BioPlex 3.0 HEK 293T cells CompPASS score = 0.999887264, threshold = 0.75. Quantitative scores are calculated by CompPASS-Plus (Huttlin et al. Cell 2015, PMID: 26186194). The 0.75 threshold represents the top 2% of scores in HEK293T.|This data may be re-scored from BioPlex 1.0 (PMID: 26186194) and BioPlex 2.0 (PMID: 28514442). Only scores from within the same cell line in BioPlex 3.0 (PMID: 33961781) should be compared directly. For comparison of HEK293T and HCT116 interaction networks with relaxed threshold = 0.1, see BioPlex Interactome (https://bioplex.hms.harvard.edu/index.php).	-	BIOGRID
3144729	51593	220	119626	106722	-	RP11-66B24.1	SRRT	ALDH1A3	ARS2|ASR2|serrate	ALDH1A6|ALDH6|MCOP8|RALDH3	Affinity Capture-MS	physical	Huttlin EL (2021)	33961781	9606	9606	High Throughput	0.999151957	-	-	BioPlex 3.0 HEK 293T cells CompPASS score = 0.999151957, threshold = 0.75. Quantitative scores are calculated by CompPASS-Plus (Huttlin et al. Cell 2015, PMID: 26186194). The 0.75 threshold represents the top 2% of scores in HEK293T.|This data may be re-scored from BioPlex 1.0 (PMID: 26186194) and BioPlex 2.0 (PMID: 28514442). Only scores from within the same cell line in BioPlex 3.0 (PMID: 33961781) should be compared directly. For comparison of HEK293T and HCT116 interaction networks with relaxed threshold = 0.1, see BioPlex Interactome (https://bioplex.hms.harvard.edu/index.php).	-	BIOGRID
3339678	1958	4193	108278	110358	-	-	EGR1	MDM2	AT225|G0S30|KROX-24|NGFI-A|TIS8|ZIF-268|ZNF225	ACTFS|HDMX|hdm2	Affinity Capture-Western	physical	Jing Y (2021)	34615546	9606	9606	Low Throughput	-	-	-	-	-	BIOGRID
3339679	4193	1958	110358	108278	-	-	MDM2	EGR1	ACTFS|HDMX|hdm2	AT225|G0S30|KROX-24|NGFI-A|TIS8|ZIF-268|ZNF225	Affinity Capture-Western	physical	Jing Y (2021)	34615546	9606	9606	Low Throughput	-	-	-	-	-	BIOGRID
3434972	9636	220	114995	106722	-	RP11-66B24.1	ISG15	ALDH1A3	G1P2|IFI15|IMD38|IP17|UCRP|hUCRP	ALDH1A6|ALDH6|MCOP8|RALDH3	Co-fractionation	physical	Havugimana PC (2022)	35831314	9606	9606	High Throughput	-	-	-	High confidence interactions were identified as having an EPIC score >=0.625 in applicable cell lines (MCF7, MDA231 or MCF10A)|MCF7 cell line (score 0.732)	-	BIOGRID
3455092	493829	1958	138920	108278	-	-	TRIM72	EGR1	MG53	AT225|G0S30|KROX-24|NGFI-A|TIS8|ZIF-268|ZNF225	Affinity Capture-Western	physical	Cui KM (2022)	35438597	9606	9606	Low Throughput	-	-	-	-	-	BIOGRID
3474614	4017	220	110201	106722	-	RP11-66B24.1	LOXL2	ALDH1A3	LOR2|WS9-14	ALDH1A6|ALDH6|MCOP8|RALDH3	Affinity Capture-MS	physical	Zhan XH (2019)	31409639	9606	9606	High Throughput	-	-	-	-	-	BIOGRID
3501344	43740578	1958	4383853	108278	GU280_gp01_nsp4	-	nsp4	EGR1	ORF1ab|ORF1ab-nsp4|SARS-CoV2 nsp4|SARS-CoV-2 nsp4|R1AB_SARS2|PRO_0000449622	AT225|G0S30|KROX-24|NGFI-A|TIS8|ZIF-268|ZNF225	Two-hybrid	physical	Zhou Y (2022)	36217030	2697049	9606	High Throughput	-	-	-	High confidence binary SARS-CoV-2-human protein interaction	-	BIOGRID
3515198	4734	1958	110811	108278	PIG53	-	NEDD4	EGR1	NEDD4-1|RPF1	AT225|G0S30|KROX-24|NGFI-A|TIS8|ZIF-268|ZNF225	Protein-peptide	physical	Benz C (2022)	35044719	9606	9606	High Throughput	-	-	-	-	-	BIOGRID
3515375	283131	1958	129471	108278	-	-	NEAT1	EGR1	LINC00084|NCRNA00084|TncRNA|VINC	AT225|G0S30|KROX-24|NGFI-A|TIS8|ZIF-268|ZNF225	Protein-RNA	physical	Cao JW (2022)	35997641	9606	9606	Low Throughput	-	-	-	-	-	BIOGRID
3515376	1958	283131	108278	129471	-	-	EGR1	NEAT1	AT225|G0S30|KROX-24|NGFI-A|TIS8|ZIF-268|ZNF225	LINC00084|NCRNA00084|TncRNA|VINC	Affinity Capture-RNA	physical	Cao JW (2022)	35997641	9606	9606	Low Throughput	-	-	-	-	-	BIOGRID
3515377	1958	11059	108278	116243	-	-	EGR1	WWP1	AT225|G0S30|KROX-24|NGFI-A|TIS8|ZIF-268|ZNF225	AIP5|Tiul1|hSDRP1	Affinity Capture-Western	physical	Cao JW (2022)	35997641	9606	9606	Low Throughput	-	-	-	-	-	BIOGRID
3515378	11059	1958	116243	108278	-	-	WWP1	EGR1	AIP5|Tiul1|hSDRP1	AT225|G0S30|KROX-24|NGFI-A|TIS8|ZIF-268|ZNF225	Affinity Capture-Western	physical	Cao JW (2022)	35997641	9606	9606	Low Throughput	-	-	-	-	-	BIOGRID
3520458	6185	220	112100	106722	RP3-343K2.2	RP11-66B24.1	RPN2	ALDH1A3	RIBIIR|RPN-II|RPNII|SWP1	ALDH1A6|ALDH6|MCOP8|RALDH3	Affinity Capture-MS	physical	Li B (2022)	36168628	9606	9606	High Throughput	-	-	-	-	-	BIOGRID
3537614	55294	1958	120581	108278	-	-	FBXW7	EGR1	AGO|CDC4|FBW6|FBW7|FBX30|FBXO30|FBXW6|SEL-10|SEL10|hAgo|hCdc4	AT225|G0S30|KROX-24|NGFI-A|TIS8|ZIF-268|ZNF225	Affinity Capture-Western	physical	Yin L (2022)	36240645	9606	9606	Low Throughput	-	-	-	-	-	BIOGRID
3537615	1958	55294	108278	120581	-	-	EGR1	FBXW7	AT225|G0S30|KROX-24|NGFI-A|TIS8|ZIF-268|ZNF225	AGO|CDC4|FBW6|FBW7|FBX30|FBXO30|FBXW6|SEL-10|SEL10|hAgo|hCdc4	Affinity Capture-Western	physical	Yin L (2022)	36240645	9606	9606	Low Throughput	-	-	-	-	-	BIOGRID
3543103	10772	220	115990	106722	RP11-4M23.6	RP11-66B24.1	SRSF10	ALDH1A3	FUSIP1|FUSIP2|NSSR|PPP1R149|SFRS13|SFRS13A|SRp38|SRrp40|TASR|TASR1|TASR2	ALDH1A6|ALDH6|MCOP8|RALDH3	Affinity Capture-MS	physical	Sohail M (2021)	34316707	9606	9606	High Throughput	-	-	-	-	-	BIOGRID
3571277	7090	1958	112945	108278	-	-	TLE3	EGR1	ESG|ESG3|GRG3|HsT18976	AT225|G0S30|KROX-24|NGFI-A|TIS8|ZIF-268|ZNF225	Proximity Label-MS	physical	Raisch J (2023)	37689310	9606	9606	High Throughput	-	-	-	BioID	-	BIOGRID
3585398	55827	1958	120933	108278	RP4-745I14.1	-	DCAF6	EGR1	1200006M05Rik|ARCAP|IQWD1|MSTP055|NRIP|PC326	AT225|G0S30|KROX-24|NGFI-A|TIS8|ZIF-268|ZNF225	Affinity Capture-MS	physical	Tseng C (2023)	36688959	9606	9606	High Throughput	-	-	-	-	-	BIOGRID
3586442	90007	1958	124652	108278	-	-	MIDN	EGR1	-	AT225|G0S30|KROX-24|NGFI-A|TIS8|ZIF-268|ZNF225	Affinity Capture-Western	physical	Gu X (2023)	37616343	9606	9606	Low Throughput	-	-	-	HEK-293T cells	-	BIOGRID
3660848	5894	220	111831	106722	-	RP11-66B24.1	RAF1	ALDH1A3	CMD1NN|CRAF|NS5|Raf-1|c-Raf	ALDH1A6|ALDH6|MCOP8|RALDH3	Proximity Label-MS	physical	Shanderson RL (2024)	38496616	9606	9606	High Throughput	-	-	-	BioID|Raf1 proximal protein with SAINT greater or equal to 0.9 in melanoma cell lines	-	BIOGRID
3681937	1050	1958	107479	108278	-	-	CEBPA	EGR1	C/EBP-alpha|CEBP	AT225|G0S30|KROX-24|NGFI-A|TIS8|ZIF-268|ZNF225	Proximity Label-MS	physical	Ramberger E (2021)	34189442	9606	9606	High Throughput	-	-	-	BioID|FDR less than 0.05	-	BIOGRID

","",""
